barcode,name,Valeur du contenu net,Unité de mesure du contenu net
3667193022546,BRACELET BS12 BZH SIMPLE,1,PIECE
3667193022539,BRACELET BS11 BZH SIMPLE,1,PIECE
3667193022522,BRACELET BS10 BZH SIMPLE,1,PIECE
3667193022515,BRACELET BS09 BZH SIMPLE,1,PIECE
3667193022508,BRACELET BS08 BZH SIMPLE,1,PIECE
3667193022492,BRACELET BS07 BZH SIMPLE,1,PIECE
3667193022485,BRACELET BS06 BZH SIMPLE,1,PIECE
3667193022478,BRACELET BS05 BZH SIMPLE,1,PIECE
3667193022461,BRACELET BS04 BZH SIMPLE,1,PIECE
3667193022454,BRACELET BS03 BZH SIMPLE,1,PIECE
3667193022447,BRACELET FSI25 - 01 TUBE (30cm),40,PIECE
3667193022430,BRACELET FSI24 - 01 TUBE (30cm),20,PIECE
3667193022423,BRACELET FSI43 - 01 TUBE (30cm),20,PIECE
3667193022416,BRACELET FSI50 - 01 TUBE (30cm),20,PIECE
3667193022409,BRACELET FSI39 - 01 TUBE (30cm),20,PIECE
3667193022393,BRACELET FSI56 - 01 TUBE (30cm),20,PIECE
3667193022348,BRACELET FSI71 - 01 TUBE (40cm),40,PIECE
3667193022362,BRACELET FSI72 - 01 TUBE (40cm),40,PIECE
3667193022355,BRACELET FSI71 - 01 TUBE (30cm),32,PIECE
3667193022379,BRACELET FSI72 - 01 TUBE (30cm),32,PIECE
3667193022386,BRACELET FSI30 - 01 TUBE (30cm),20,PIECE
3667193017757,BRACELET BS01 BZH SIMPLE - 13S,1,PIECE
3667193017696,BRACELET BS01 BZH SIMPLE - 10S,1,PIECE
3667193017672,BRACELET BS01 BZH SIMPLE - 09S,1,PIECE
3667193017504,BRACELET BS01 BZH SIMPLE - 01G,1,PIECE
3667193017740,BRACELET BS01 BZH SIMPLE - 13G,1,PIECE
3667193017665,BRACELET BS01 BZH SIMPLE - 09G,1,PIECE
3667193017658,BRACELET BS01 BZH SIMPLE - 08S,1,PIECE
3667193015586,BRACELET BS02 BZH SIMPLE - 08S,1,PIECE
3667193017597,BRACELET BS01 BZH SIMPLE - 05S,1,PIECE
3667193017511,BRACELET BS01 BZH SIMPLE - 01S,1,PIECE
3667193013827,BRACELET BS01 BZH SIMPLE - 01 TUBE (30cm),30,PIECE
3667193015524,BRACELET BS02 BZH SIMPLE - 05S,1,PIECE
3667193017528,BRACELET BS01 BZH SIMPLE - 02G,1,PIECE
3667193015432,BRACELET BS02 BZH SIMPLE - 01G,1,PIECE
3667193017580,BRACELET BS01 BZH SIMPLE - 05G,1,PIECE
3667193017726,BRACELET BS01 BZH SIMPLE - 12G,1,PIECE
3667193013841,BRACELET BS02 BZH SIMPLE - 01 TUBE (40cm),40,PIECE
3667193013810,BRACELET BS01 BZH SIMPLE - 01 TUBE (40cm),40,PIECE
3667193015579,BRACELET BS02 BZH SIMPLE - 08G,1,PIECE
3667193017573,BRACELET BS01 BZH SIMPLE - 04S,1,PIECE
3667193015920,BRACELET BS02 BZH SIMPLE - 12S,1,PIECE
3667193015449,BRACELET BS02 BZH SIMPLE - 01S,1,PIECE
3667193017689,BRACELET BS01 BZH SIMPLE - 10G,1,PIECE
3667193017566,BRACELET BS01 BZH SIMPLE - 04G,1,PIECE
3667193022256,BRACELET BS01 BZH SIMPLE,1,PIECE
3667193017719,BRACELET BS01 BZH SIMPLE - 11S,1,PIECE
3667193015470,BRACELET BS02 BZH SIMPLE - 03G,1,PIECE
3667193015593,BRACELET BS02 BZH SIMPLE - 09G,1,PIECE
3667193022249,BRACELET BS02 BZH SIMPLE,1,PIECE
3667193017610,BRACELET BS01 BZH SIMPLE - 06S,1,PIECE
3667193015661,BRACELET BS02 BZH SIMPLE - 12S,1,PIECE
3667193015463,BRACELET BS02 BZH SIMPLE - 02S,1,PIECE
3667193015609,BRACELET BS02 BZH SIMPLE - 09S,1,PIECE
3667193015685,BRACELET BS02 BZH SIMPLE - 13S,1,PIECE
3667193015678,BRACELET BS02 BZH SIMPLE - 13G,1,PIECE
3667193015500,BRACELET BS02 BZH SIMPLE - 04S,1,PIECE
3667193015531,BRACELET BS02 BZH SIMPLE - 06G,1,PIECE
3667193015487,BRACELET BS02 BZH SIMPLE - 03S,1,PIECE
3667193015654,BRACELET BS02 BZH SIMPLE - 12G,1,PIECE
3667193015623,BRACELET BS02 BZH SIMPLE - 10S,1,PIECE
3667193015562,BRACELET BS02 BZH SIMPLE - 07S,1,PIECE
3667193017634,BRACELET BS01 BZH SIMPLE - 07S,1,PIECE
3667193017733,BRACELET BS01 BZH SIMPLE - 12S,1,PIECE
3667193017603,BRACELET BS01 BZH SIMPLE - 06G,1,PIECE
3667193017627,BRACELET BS01 BZH SIMPLE - 07G,1,PIECE
3667193017559,BRACELET BS01 BZH SIMPLE - 03S,1,PIECE
3667193017542,BRACELET BS01 BZH SIMPLE - 03G,1,PIECE
3667193015647,BRACELET BS02 BZH SIMPLE - 11S,1,PIECE
3667193015517,BRACELET BS02 BZH SIMPLE - 05G,1,PIECE
3667193013858,BRACELET BS02 BZH SIMPLE - 01 TUBE (30cm),30,PIECE
3667193015494,BRACELET BS02 BZH SIMPLE - 04G,1,PIECE
3667193015548,BRACELET BS02 BZH SIMPLE - 06S,1,PIECE
3667193017641,BRACELET BS01 BZH SIMPLE - 08G,1,PIECE
3667193017702,BRACELET BS01 BZH SIMPLE - 11G,1,PIECE
3667193013865,BRACELET BS03 BZH SIMPLE  -  01 TUBE (40cm),40,PIECE
3667193015616,BRACELET BS02 BZH SIMPLE - 10G,1,PIECE
3667193017535,BRACELET BS01 BZH SIMPLE - 02S,1,PIECE
3667193015555,BRACELET BS02 BZH SIMPLE - 07G,1,PIECE
3667193015456,BRACELET BS02 BZH SIMPLE - 02G,1,PIECE
3667193015630,BRACELET BS02 BZH SIMPLE - 11G,1,PIECE
3667193018020,BRACELET BS07 BZH SIMPLE - 01G,1,PIECE
3667193014077,BRACELET BS08 BZH SIMPLE  -  01 TUBE (40cm),40,PIECE
3667193015753,BRACELET BS03 BZH SIMPLE - 04G,1,PIECE
3667193016057,BRACELET BS06 BZH SIMPLE - 06G,1,PIECE
3667193018174,BRACELET BS07 BZH SIMPLE - 08S,1,PIECE
3667193016040,BRACELET BS06 BZH SIMPLE - 05S,1,PIECE
3667193018044,BRACELET BS07 BZH SIMPLE - 02G,1,PIECE
3667193018198,BRACELET BS07 BZH SIMPLE - 09S,1,PIECE
3667193018235,BRACELET BS07 BZH SIMPLE - 11S,1,PIECE
3667193016019,BRACELET BS06 BZH SIMPLE - 04G,1,PIECE
3667193018211,BRACELET BS07 BZH SIMPLE - 10S,1,PIECE
3667193018495,BRACELET BS10 BZH SIMPLE - 11S,1,PIECE
3667193016453,BRACELET BS09 BZH SIMPLE - 13G,1,PIECE
3667193018440,BRACELET BS10 BZH SIMPLE - 09G,1,PIECE
3667193016347,BRACELET BS09 BZH SIMPLE - 07S,1,PIECE
3667193018112,BRACELET BS07 BZH SIMPLE - 05S,1,PIECE
3667193018167,BRACELET BS07 BZH SIMPLE - 08G,1,PIECE
3667193016446,BRACELET BS09 BZH SIMPLE - 12S,1,PIECE
3667193016514,BRACELET BS12 BZH SIMPLE - 03G,1,PIECE
3667193014022,BRACELET BS06 BZH SIMPLE  -  01 TUBE (40cm),40,PIECE
3667193018051,BRACELET BS07 BZH SIMPLE - 02S,1,PIECE
3667193016309,BRACELET BS09 BZH SIMPLE - 05S,1,PIECE
3667193018242,BRACELET BS07 BZH SIMPLE - 12G,1,PIECE
3667193015982,BRACELET BS06 BZH SIMPLE - 02S,1,PIECE
3667193018488,BRACELET BS10 BZH SIMPLE - 11G,1,PIECE
3667193016071,BRACELET BS06 BZH SIMPLE - 07G,1,PIECE
3667193018402,BRACELET BS10 BZH SIMPLE - 07G,1,PIECE
3667193016521,BRACELET BS12 BZH SIMPLE - 03S,1,PIECE
3667193018433,BRACELET BS10 BZH SIMPLE - 08S,1,PIECE
3667193015838,BRACELET BS03 BZH SIMPLE - 08G,1,PIECE
3667193016002,BRACELET BS06 BZH SIMPLE - 03S,1,PIECE
3667193018181,BRACELET BS07 BZH SIMPLE - 09G,1,PIECE
3667193018204,BRACELET BS07 BZH SIMPLE - 10G,1,PIECE
3667193016361,BRACELET BS09 BZH SIMPLE - 08S,1,PIECE
3667193016064,BRACELET BS06 BZH SIMPLE - 06S,1,PIECE
3667193016170,BRACELET BS06 BZH SIMPLE - 12G,1,PIECE
3667193016132,BRACELET BS06 BZH SIMPLE - 10G,1,PIECE
3667193018068,BRACELET BS07 BZH SIMPLE - 03G,1,PIECE
3667193016385,BRACELET BS09 BZH SIMPLE - 09S,1,PIECE
3667193015692,BRACELET BS03 BZH SIMPLE - 01G,1,PIECE
3667193018143,BRACELET BS07 BZH SIMPLE - 07G,1,PIECE
3667193016316,BRACELET BS09 BZH SIMPLE - 06G,1,PIECE
3667193018297,BRACELET BS10 BZH SIMPLE - 01S,1,PIECE
3667193018228,BRACELET BS07 BZH SIMPLE - 11G,1,PIECE
3667193016422,BRACELET BS09 BZH SIMPLE - 11S,1,PIECE
3667193018105,BRACELET BS07 BZH SIMPLE - 05G,1,PIECE
3667193015968,BRACELET BS06 BZH SIMPLE - 01S,1,PIECE
3667193018150,BRACELET BS07 BZH SIMPLE - 07S,1,PIECE
3667193015890,BRACELET BS03 BZH SIMPLE - 11G,1,PIECE
3667193015999,BRACELET BS06 BZH SIMPLE - 03G,1,PIECE
3667193016200,BRACELET BS06 BZH SIMPLE - 13S,1,PIECE
3667193018327,BRACELET BS10 BZH SIMPLE - 03G,1,PIECE
3667193016033,BRACELET BS06 BZH SIMPLE - 05G,1,PIECE
3667193015951,BRACELET BS06 BZH SIMPLE - 01G,1,PIECE
3667193014053,BRACELET BS07 BZH SIMPLE  -  01 TUBE (40cm),40,PIECE
3667193014107,BRACELET BS09 BZH SIMPLE  -  01 TUBE (30cm),30,PIECE
3667193016439,BRACELET BS09 BZH SIMPLE - 12G,1,PIECE
3667193015715,BRACELET BS03 BZH SIMPLE - 02G,1,PIECE
3667193016095,BRACELET BS06 BZH SIMPLE - 08G,1,PIECE
3667193016613,BRACELET BS12 BZH SIMPLE - 08G,1,PIECE
3667193016194,BRACELET BS06 BZH SIMPLE - 13G,1,PIECE
3667193018532,BRACELET BS10 BZH SIMPLE - 13S,1,PIECE
3667193018266,BRACELET BS07 BZH SIMPLE - 13G,1,PIECE
3667193016156,BRACELET BS06 BZH SIMPLE - 11G,1,PIECE
3667193016408,BRACELET BS09 BZH SIMPLE - 10S,1,PIECE
3667193018037,BRACELET BS07 BZH SIMPLE - 01S,1,PIECE
3667193016026,BRACELET BS06 BZH SIMPLE - 04S,1,PIECE
3667193016323,BRACELET BS09 BZH SIMPLE - 06S,1,PIECE
3667193016392,BRACELET BS09 BZH SIMPLE - 10G,1,PIECE
3667193016378,BRACELET BS09 BZH SIMPLE - 09G,1,PIECE
3667193016293,BRACELET BS09 BZH SIMPLE - 05G,1,PIECE
3667193016415,BRACELET BS09 BZH SIMPLE - 11G,1,PIECE
3667193016118,BRACELET BS06 BZH SIMPLE - 09G,1,PIECE
3667193018082,BRACELET BS07 BZH SIMPLE - 04G,1,PIECE
3667193015739,BRACELET BS03 BZH SIMPLE - 03G,1,PIECE
3667193016354,BRACELET BS09 BZH SIMPLE - 08G,1,PIECE
3667193018358,BRACELET BS10 BZH SIMPLE - 04S,1,PIECE
3667193018303,BRACELET BS10 BZH SIMPLE - 02G,1,PIECE
3667193015975,BRACELET BS06 BZH SIMPLE - 02G,1,PIECE
3667193018075,BRACELET BS07 BZH SIMPLE - 03S,1,PIECE
3667193016125,BRACELET BS06 BZH SIMPLE - 09S,1,PIECE
3667193014084,BRACELET BS08 BZH SIMPLE  -  01 TUBE (30cm),30,PIECE
3667193014046,BRACELET BS06 BZH SIMPLE  -  01 TUBE (30cm),30,PIECE
3667193016460,BRACELET BS09 BZH SIMPLE - 13S,1,PIECE
3667193014091,BRACELET BS09 BZH SIMPLE  -  01 TUBE (40cm),40,PIECE
3667193018396,BRACELET BS10 BZH SIMPLE - 06S,1,PIECE
3667193017962,BRACELET BS04 BZH SIMPLE-11G,1,PIECE
3667193018136,BRACELET BS07 BZH SIMPLE - 06S,1,PIECE
3667193015791,BRACELET BS03 BZH SIMPLE - 06G,1,PIECE
3667193016224,BRACELET BS09 BZH SIMPLE - 01S,1,PIECE
3667193018419,BRACELET BS10 BZH SIMPLE - 07S,1,PIECE
3667193018457,BRACELET BS10 BZH SIMPLE - 09S,1,PIECE
3667193016279,BRACELET BS09 BZH SIMPLE - 04G,1,PIECE
3667193018273,BRACELET BS07 BZH SIMPLE - 13S,1,PIECE
3667193016651,BRACELET BS12 BZH SIMPLE - 10G,1,PIECE
3667193018372,BRACELET BS10 BZH SIMPLE - 05S,1,PIECE
3667193014121,BRACELET BS10 BZH SIMPLE  -  01 TUBE (30cm),30,PIECE
3667193016682,BRACELET BS12 BZH SIMPLE - 11S,1,PIECE
3667193016569,BRACELET BS12 BZH SIMPLE - 05S,1,PIECE
3667193017993,BRACELET BS04 BZH SIMPLE-12S,1,PIECE
3667193016576,BRACELET BS12 BZH SIMPLE - 06G,1,PIECE
3667193016712,BRACELET BS12 BZH SIMPLE - 13G,1,PIECE
3667193018280,BRACELET BS10 BZH SIMPLE - 01G,1,PIECE
3667193014060,BRACELET BS07 BZH SIMPLE  -  01 TUBE (30cm),30,PIECE
3667193014114,BRACELET BS10 BZH SIMPLE  -  01 TUBE (40cm),40,PIECE
3667193016668,BRACELET BS12 BZH SIMPLE - 10S,1,PIECE
3667193018464,BRACELET BS10 BZH SIMPLE - 10G,1,PIECE
3667193016477,BRACELET BS12 BZH SIMPLE - 01G,1,PIECE
3667193018471,BRACELET BS10 BZH SIMPLE - 10S,1,PIECE
3667193018518,BRACELET BS10 BZH SIMPLE - 12S,1,PIECE
3667193016590,BRACELET BS12 BZH SIMPLE - 07G,1,PIECE
3667193016286,BRACELET BS09 BZH SIMPLE - 04S,1,PIECE
3667193016217,BRACELET BS09 BZH SIMPLE - 01G,1,PIECE
3667193016507,BRACELET BS12 BZH SIMPLE - 02S,1,PIECE
3667193018525,BRACELET BS10 BZH SIMPLE - 13G,1,PIECE
3667193018501,BRACELET BS10 BZH SIMPLE - 12G,1,PIECE
3667193017771,BRACELET BS04 BZH SIMPLE-01S,1,PIECE
3667193018259,BRACELET BS07 BZH SIMPLE - 12S,1,PIECE
3667193016330,BRACELET BS09 BZH SIMPLE - 07G,1,PIECE
3667193016538,BRACELET BS12 BZH SIMPLE - 04G,1,PIECE
3667193016729,BRACELET BS12 BZH SIMPLE - 13S,1,PIECE
3667193013933,BRACELET BS04 BZH SIMPLE - 01 TUBE (40cm),40,PIECE
3667193016675,BRACELET BS12 BZH SIMPLE - 11G,1,PIECE
3667193018341,BRACELET BS10 BZH SIMPLE - 04G,1,PIECE
3667193016255,BRACELET BS09 BZH SIMPLE - 03G,1,PIECE
3667193018365,BRACELET BS10 BZH SIMPLE - 05G,1,PIECE
3667193015852,BRACELET BS03 BZH SIMPLE - 09G,1,PIECE
3667193016262,BRACELET BS09 BZH SIMPLE - 03S,1,PIECE
3667193014169,BRACELET BS12 BZH SIMPLE  -  01 TUBE (30cm),30,PIECE
3667193017894,BRACELET BS04 BZH SIMPLE-07S,1,PIECE
3667193015876,BRACELET BS03 BZH SIMPLE - 10G,1,PIECE
3667193015937,BRACELET BS03 BZH SIMPLE - 13G,1,PIECE
3667193016187,BRACELET BS06 BZH SIMPLE - 12S,1,PIECE
3667193015845,BRACELET BS03 BZH SIMPLE - 08S,1,PIECE
3667193016231,BRACELET BS09 BZH SIMPLE - 02G,1,PIECE
3667193015913,BRACELET BS03 BZH SIMPLE - 12G,1,PIECE
3667193018426,BRACELET BS10 BZH SIMPLE - 08G,1,PIECE
3667193016149,BRACELET BS06 BZH SIMPLE - 10S,1,PIECE
3667193015814,BRACELET BS03 BZH SIMPLE - 07G,1,PIECE
3667193016088,BRACELET BS06 BZH SIMPLE - 07S,1,PIECE
3667193015869,BRACELET BS03 BZH SIMPLE - 09S,1,PIECE
3667193015807,BRACELET BS03 BZH SIMPLE - 06S,1,PIECE
3667193018099,BRACELET BS07 BZH SIMPLE - 04S,1,PIECE
3667193015777,BRACELET BS03 BZH SIMPLE - 05G,1,PIECE
3667193013889,BRACELET BS03 BZH SIMPLE  -  01 TUBE (30cm),30,PIECE
3667193015722,BRACELET BS03 BZH SIMPLE - 02S,1,PIECE
3667193013988,BRACELET BS05 BZH SIMPLE  -  01 TUBE (30cm),30,PIECE
3667193015760,BRACELET BS03 BZH SIMPLE - 04S,1,PIECE
3667193015821,BRACELET BS03 BZH SIMPLE - 07S,1,PIECE
3667193015784,BRACELET BS03 BZH SIMPLE - 05S,1,PIECE
3667193015708,BRACELET BS03 BZH SIMPLE - 01S,1,PIECE
3667193015906,BRACELET BS03 BZH SIMPLE - 11S,1,PIECE
3667193015746,BRACELET BS03 BZH SIMPLE - 03S,1,PIECE
3667193015944,BRACELET BS03 BZH SIMPLE - 13S,1,PIECE
3667193013964,BRACELET BS05 BZH SIMPLE  -  01 TUBE (40cm),40,PIECE
3667193015883,BRACELET BS03 BZH SIMPLE - 10S,1,PIECE
3667193018129,BRACELET BS07 BZH SIMPLE - 06G,1,PIECE
3667193016101,BRACELET BS06 BZH SIMPLE - 08S,1,PIECE
3667193016163,BRACELET BS06 BZH SIMPLE - 11S,1,PIECE
3667193017832,BRACELET BS04 BZH SIMPLE-04S,1,PIECE
3667193016583,BRACELET BS12 BZH SIMPLE - 06S,1,PIECE
3667193018310,BRACELET BS10 BZH SIMPLE - 02S,1,PIECE
3667193016644,BRACELET BS12 BZH SIMPLE - 09S,1,PIECE
3667193016545,BRACELET BS12 BZH SIMPLE - 04S,1,PIECE
3667193017924,BRACELET BS04 BZH SIMPLE-09G,1,PIECE
3667193016248,BRACELET BS09 BZH SIMPLE - 02S,1,PIECE
3667193016552,BRACELET BS12 BZH SIMPLE - 05G,1,PIECE
3667193018013,BRACELET BS04 BZH SIMPLE-13S,1,PIECE
3667193016705,BRACELET BS12 BZH SIMPLE - 12S,1,PIECE
3667193016484,BRACELET BS12 BZH SIMPLE - 01S,1,PIECE
3667193016620,BRACELET BS12 BZH SIMPLE - 08S,1,PIECE
3667193017849,BRACELET BS04 BZH SIMPLE-05G,1,PIECE
3667193014138,BRACELET BS11 BZH SIMPLE  -  01 TUBE (40cm),40,PIECE
3667193017856,BRACELET BS04 BZH SIMPLE-05S,1,PIECE
3667193013940,BRACELET BS04 BZH SIMPLE - 01 TUBE (30cm),30,PIECE
3667193017887,BRACELET BS04 BZH SIMPLE-07G,1,PIECE
3667193016606,BRACELET BS12 BZH SIMPLE - 07S,1,PIECE
3667193017795,BRACELET BS04 BZH SIMPLE-02S,1,PIECE
3667193017986,BRACELET BS04 BZH SIMPLE-12G,1,PIECE
3667193017979,BRACELET BS04 BZH SIMPLE-11S,1,PIECE
3667193018389,BRACELET BS10 BZH SIMPLE - 06G,1,PIECE
3667193014152,BRACELET BS12 BZH SIMPLE  -  01 TUBE (40cm),40,PIECE
3667193017764,BRACELET BS04 BZH SIMPLE-01G,1,PIECE
3667193017825,BRACELET BS04 BZH SIMPLE-04G,1,PIECE
3667193016637,BRACELET BS12 BZH SIMPLE - 09G,1,PIECE
3667193018006,BRACELET BS04 BZH SIMPLE-13G,1,PIECE
3667193017863,BRACELET BS04 BZH SIMPLE-06G,1,PIECE
3667193017870,BRACELET BS04 BZH SIMPLE-06S,1,PIECE
3667193017900,BRACELET BS04 BZH SIMPLE-08G,1,PIECE
3667193014145,BRACELET BS11 BZH SIMPLE  -  01 TUBE (30cm),30,PIECE
3667193017818,BRACELET BS04 BZH SIMPLE-03S,1,PIECE
3667193017917,BRACELET BS04 BZH SIMPLE-08S,1,PIECE
3667193017955,BRACELET BS04 BZH SIMPLE-10S,1,PIECE
3667193017948,BRACELET BS04 BZH SIMPLE-10G,1,PIECE
3667193018334,BRACELET BS10 BZH SIMPLE - 03S,1,PIECE
3667193016491,BRACELET BS12 BZH SIMPLE - 02G,1,PIECE
3667193017931,BRACELET BS04 BZH SIMPLE-09S,1,PIECE
3667193017788,BRACELET BS04 BZH SIMPLE-02G,1,PIECE
3667193016699,BRACELET BS12 BZH SIMPLE - 12G,1,PIECE
3667193017801,BRACELET BS04 BZH SIMPLE-03G,1,PIECE
3667193022324,BRACELET S FIONA No 3 - 01 TUBE (30cm),30,PIECE
3667193022331,BRACELET FSI69 S JAP JACK,1,PIECE
3667193022300,BRACELET S FIONA No 2 - 01 TUBE (30cm),30,PIECE
3667193022294,BRACELET S FIONA No 2,1,PIECE
3667193022270,BRACELET S FIONA No 1,1,PIECE
3667193022287,BRACELET S FIONA No 1 - 01 TUBE (30cm),30,PIECE
3667193022317,BRACELET S FIONA No 3,1,PIECE
3667193000544,BRACELET FSI52 S JAP ARBRE DE VIE - 10,1,PIECE
3667193000964,BRACELET FSI40 S JAP COEUR MAY-01 - 09,1,PIECE
3667193000988,BRACELET FSI40 S JAP COEUR MAY-01 - 11,1,PIECE
3667193000889,BRACELET FSI40 S JAP COEUR MAY-01 - 01,1,PIECE
3667193000520,BRACELET FSI52 S JAP ARBRE DE VIE - 08,1,PIECE
3667193000995,BRACELET FSI40 S JAP COEUR MAY-01 - 12,1,PIECE
3667193020825,BRACELET FSI52 S JAP ARBRE DE VIE - 01 TUBE (40cm),40,PIECE
3667193000568,BRACELET FSI52 S JAP ARBRE DE VIE - 12,1,PIECE
3667193001015,BRACELET FSI40 S JAP COEUR MAY-01 - 14,1,PIECE
3667193001039,BRACELET FSI40 S JAP COEUR MAY-01 - 16,1,PIECE
3667193021303,BRACELET FSI40 S JAP COEUR MAY-01 - 01 TUBE (40cm),40,PIECE
3667193022263,BRACELET FSI40 S JAP COEUR MAY-01,1,PIECE
3667193000940,BRACELET FSI40 S JAP COEUR MAY-01 - 07,1,PIECE
3667193021310,BRACELET FSI40 S JAP COEUR MAY-01 - 01 TUBE (30cm),30,PIECE
3667193021297,BRACELET FSI69 S JAP JACK - 01 TUBE (30cm),40,PIECE
3667193001022,BRACELET FSI40 S JAP COEUR MAY-01 - 15,1,PIECE
3667193000476,BRACELET FSI52 S JAP ARBRE DE VIE - 03,1,PIECE
3667193021341,BRACELET S FIONA No 3 - 01 TUBE (40cm),42,PIECE
3667193000896,BRACELET FSI40 S JAP COEUR MAY-01 - 02,1,PIECE
3667193000957,BRACELET FSI40 S JAP COEUR MAY-01 - 08,1,PIECE
3667193000551,BRACELET FSI52 S JAP ARBRE DE VIE - 11,1,PIECE
3667193000971,BRACELET FSI40 S JAP COEUR MAY-01 - 10,1,PIECE
3667193000605,BRACELET FSI52 S JAP ARBRE DE VIE - 16,1,PIECE
3667193000599,BRACELET FSI52 S JAP ARBRE DE VIE - 15,1,PIECE
3667193000919,BRACELET FSI40 S JAP COEUR MAY-01 - 04,1,PIECE
3667193001008,BRACELET FSI40 S JAP COEUR MAY-01 - 13,1,PIECE
3667193021273,BRACELET FSI52 S JAP ARBRE DE VIE - 01 TUBE (30cm),30,PIECE
3667193000933,BRACELET FSI40 S JAP COEUR MAY-01 - 06,1,PIECE
3667193000469,BRACELET FSI52 S JAP ARBRE DE VIE - 02,1,PIECE
3667193021280,BRACELET FSI69 S JAP JACK - 01 TUBE (40cm),50,PIECE
3667193000490,BRACELET FSI52 S JAP ARBRE DE VIE - 05,1,PIECE
3667193000575,BRACELET FSI52 S JAP ARBRE DE VIE - 13,1,PIECE
3667193021327,BRACELET S FIONA No 1 - 01 TUBE (40cm),42,PIECE
3667193000452,BRACELET FSI52 S JAP ARBRE DE VIE - 01,1,PIECE
3667193000513,BRACELET FSI52 S JAP ARBRE DE VIE - 07,1,PIECE
3667193000506,BRACELET FSI52 S JAP ARBRE DE VIE - 06,1,PIECE
3667193000582,BRACELET FSI52 S JAP ARBRE DE VIE - 14,1,PIECE
3667193000902,BRACELET FSI40 S JAP COEUR MAY-01 - 03,1,PIECE
3667193022232,BRACELET FSI52 S JAP ARBRE DE VIE,1,PIECE
3667193000926,BRACELET FSI40 S JAP COEUR MAY-01 - 05,1,PIECE
3667193000537,BRACELET FSI52 S JAP ARBRE DE VIE - 09,1,PIECE
3667193021334,BRACELET S FIONA No 2 - 01 TUBE (40cm),42,PIECE
3667193000483,BRACELET FSI52 S JAP ARBRE DE VIE - 04,1,PIECE
3667193021877,BRACELET MM03 - 01 TUBE (40cm),40,PIECE
3667193022225,BRACELET FSI70 - 01 TUBE (30cm),30,PIECE
3667193022218,BRACELET FSI70 - 01 TUBE (40cm),40,PIECE
3667193021952,BRACELET MM24 - 01 TUBE (40cm),40,PIECE
3667193014497,BRACELET BFSI15 - 01 TUBE (30cm),30,PIECE
3667193014480,BRACELET BFSI15 - 01 TUBE (40cm),40,PIECE
3667193014466,BRACELET BFSI14 - 01 TUBE (30cm),30,PIECE
3667193014442,BRACELET BFSI14 - 01 TUBE (40cm),40,PIECE
3667193014435,BRACELET BFSI13 - 01 TUBE (30cm),30,PIECE
3667193014411,BRACELET BFSI13 - 01 TUBE (40cm),40,PIECE
3667193014398,BRACELET BFSI12 - 01 TUBE (40cm),40,PIECE
3667193014404,BRACELET BFSI12 - 01 TUBE (30cm),30,PIECE
3667193022201,BRACELET BFSI11 BZH - 01 TUBE (30cm),30,PIECE
3667193022195,BRACELET BFSI11 BZH - 01 TUBE (40cm),40,PIECE
3667193022188,BRACELET BFSI10 - 01 TUBE (30cm),30,PIECE
3667193022171,BRACELET BFSI10 - 01 TUBE (40cm),40,PIECE
3667193022164,BRACELET BFSI09 BZH - 01 TUBE (30cm),30,PIECE
3667193022157,BRACELET BFSI09 BZH - 01 TUBE (40cm),40,PIECE
3667193022140,BRACELET BFSI08 BZH - 01 TUBE (30cm),30,PIECE
3667193022133,BRACELET BFSI08 BZH - 01 TUBE (40cm),40,PIECE
3667193022126,BRACELET BFSI07 - 01 TUBE (30cm),30,PIECE
3667193022119,BRACELET BFSI07 - 01 TUBE (40cm),40,PIECE
3667193022102,BRACELET BFSI06 BZH - 01 TUBE (30cm),30,PIECE
3667193022096,BRACELET BFSI06 BZH - 01 TUBE (40cm),40,PIECE
3667193022089,BRACELET BFSI06 BZH-  01 TUBE (30cm),30,PIECE
3667193022072,BRACELET BFSI06 BZH -  01 TUBE (40cm),40,PIECE
3667193022065,BRACELET BFSI04 - 01 TUBE (30cm),30,PIECE
3667193022058,BRACELET BFSI04 - 01 TUBE (40cm),40,PIECE
3667193022041,BRACELET BFSI03 - 01 TUBE (30cm),30,PIECE
3667193022034,BRACELET BFSI03 - 01 TUBE (40cm),40,PIECE
3667193022027,BRACELET BFSI02 BZH -  01 TUBE (30cm),30,PIECE
3667193022010,BRACELET BFSI02 BZH -  01 TUBE (40cm),40,PIECE
3667193022003,BRACELET BFSI01 - 01 TUBE (30cm),30,PIECE
3667193021990,BRACELET BFSI01 - 01 TUBE (40cm),40,PIECE
3667193021983,BRACELET MFSI22 - 01 TUBE (40cm),40,PIECE
3667193021976,BRACELET MFSI21 - 01 TUBE (40cm),40,PIECE
3667193021969,BRACELET MM18 - 01 TUBE (40cm),40,PIECE
3667193021945,BRACELET MM04 - 01 TUBE (30cm),30,PIECE
3667193021938,BRACELET MM04 - 01 TUBE (40cm),40,PIECE
3667193021921,BRACELET MM02 - 01 TUBE (30cm),30,PIECE
3667193021914,BRACELET MM02 - 01 TUBE (40cm),40,PIECE
3667193021907,BRACELET MM01 - 01 TUBE (30cm),30,PIECE
3667193021891,BRACELET MM01 - 01 TUBE (40cm),40,PIECE
3667193021884,"BRACELET MM03 - Tube 28,50ccm",30,PIECE
3667193021860,BRACELET MFSI12 (MARMOTTE) FLUO - 01 TUBE (30cm),30,PIECE
3667193021853,BRACELET MFSI12 (MARMOTTE) FLUO - 01 TUBE (40cm),40,PIECE
3667193021846,BRACELET MFSI11 (MARMOTTE) - 01 TUBE (30cm),30,PIECE
3667193021839,BRACELET MFSI11 (MARMOTTE) - 01 TUBE (40cm),40,PIECE
3667193021822,BRACELET MFSI10 (CHAMOIS) - 01 TUBE (30cm),30,PIECE
3667193021815,BRACELET MFSI10 (CHAMOIS) - 01 TUBE (40cm),40,PIECE
3667193021808,BRACELET MCOLLIER FSI09 FIMO COQUILLAGE (CHAMOIS) - 01 TUBE (30cm),30,PIECE
3667193021723,BRACELET FSI06 S FIMO COQUILLAGE - 01 TUBE (30cm),30,PIECE
3667193021631,BRACELET MFSI09 (CHAMOIS) - 01 TUBE (40cm),40,PIECE
3667193021648,BRACELET MFSI08 (EDELWEISS) - 01 TUBE (30cm),30,PIECE
3667193021655,BRACELET MFSI08 (EDELWEISS) - 01 TUBE (40cm),40,PIECE
3667193021662,BRACELET MFSI07 (EDELWEISS) - 01 TUBE (30cm),30,PIECE
3667193021693,BRACELET MFSI06 (MOUTON) FLUO - 01 TUBE (40cm),40,PIECE
3667193021679,BRACELET MFSI07 (EDELWEISS) - 01 TUBE (40cm),40,PIECE
3667193021686,BRACELET MFSI06 (MOUTON) FLUO - 01 TUBE (30cm),30,PIECE
3667193021709,BRACELET MFSI05 (MOUTON) - 01 TUBE (30cm),30,PIECE
3667193021792,BRACELET WS04 TORTUE FLUO - 01 TUBE (30cm),30,PIECE
3667193021785,BRACELET WS04 TORTUE FLUO - 01 TUBE (40cm),40,PIECE
3667193021778,BRACELET WS03 VAGUE FLUO - 01 TUBE (30cm),30,PIECE
3667193021761,BRACELET WS03 VAGUE FLUO - 01 TUBE (40cm),40,PIECE
3667193021754,BRACELET WS02 MENOTTE FLUO - 01 TUBE (30cm),30,PIECE
3667193021747,BRACELET WS02 MENOTTE FLUO - 01 TUBE (40cm),40,PIECE
3667193021730,BRACELET WS01 CROIX FLUO - 01 TUBE (30cm),30,PIECE
3667193021716,BRACELET WS01 CROIX FLUO - 01 TUBE (40cm),40,PIECE
3667193021624,BRACELET FSI06 S FIMO COQUILLAGE- 01 TUBE (40cm),40,PIECE
3667193021617,BRACELET HM04 TORTUE SIMPLE - 01 TUBE (30cm),30,PIECE
3667193021600,BRACELET FSI19 S COQUILLAGE NOIR ET BLANC - 01 TUBE (40cm),40,PIECE
3667193021594,BRACELET HM04 TORTUE SIMPLE - 01 TUBE (40cm),40,PIECE
3667193021587,BRACELET HM03 VAGUE SIMPLE - 01 TUBE (30cm),30,PIECE
3667193021570,BRACELET FSI53 S FIMO OR - 01 TUBE (30cm),30,PIECE
3667193021563,BRACELET HM03 VAGUE SIMPLE - 01 TUBE (40cm),40,PIECE
3667193021556,BRACELET FSI53 S FIMO OR - 01 TUBE (40cm),40,PIECE
3667193021549,BRACELET FSI18 S COQUILLAGE DORÉ - 01 TUBE (30cm),30,PIECE
3667193021532,BRACELET HM02 MENOTTE SIMPLE - 01 TUBE (30cm),30,PIECE
3667193021525,BRACELET FSI18 S COQUILLAGE DORÉ - 01 TUBE (40cm),40,PIECE
3667193021518,BRACELET HM02 MENOTTE SIMPLE - 01 TUBE (40cm),40,PIECE
3667193021501,BRACELET FSI11 S FIMO BLANC - 01 TUBE (30cm),30,PIECE
3667193021495,BRACELET HM01 CROIX SIMPLE - 01 TUBE (30cm),30,PIECE
3667193021488,BRACELET FSI11 S FIMO BLANC- 01 TUBE (40cm),30,PIECE
3667193021457,BRACELET HM01 CROIX SIMPLE - 01 TUBE (40cm),40,PIECE
3667193021471,BRACELET FSI02 S FIMO PEARL - 01 TUBE (30cm),30,PIECE
3667193021464,BRACELET FSI02 S FIMO PEARL - 01 TUBE (40cm),40,PIECE
3667193021440,BRACELET FSI05 S FIMO COULEUR - 01 TUBE (30cm),30,PIECE
3667193021433,BRACELET FSI05 S FIMO COULEUR- 01 TUBE (40cm),40,PIECE
3667193021426,BRACELET FSI68 -  01 TUBE (30cm),30,PIECE
3667193021419,BRACELET FSI68 - 01 TUBE (40cm),40,PIECE
3667193021402,BRACELET FSI67 - 01 TUBE (30cm),30,PIECE
3667193021396,BRACELET FSI67 - 01 TUBE (40cm),40,PIECE
3667193021389,BRACELET FSI60 S FIMO FLUO - 01 TUBE (30cm),30,PIECE
3667193021372,BRACELET FSI60 S FIMO FLUO - 01 TUBE (30cm),40,PIECE
3667193021365,BRACELET SK01 - 01 TUBE (30cm),30,PIECE
3667193021358,BRACELET SK01 - 01 TUBE (40cm),40,PIECE
3667193012455,BRACELET MFSI05 (MOUTON) - 01 TUBE (40cm),40,PIECE
3667193012448,BRACELET MFSI04 (TRAIN) - 01 TUBE (30cm),30,PIECE
3667193012431,BRACELET MFSI04 (TRAIN) - 01 TUBE (40cm),40,PIECE
3667193012424,BRACELET MFSI03 (LOUP) - 01 TUBE (30cm),30,PIECE
3667193012417,BRACELET MFSI03 (LOUP) - 01 TUBE (40cm),40,PIECE
3667193012400,BRACELET MFSI02 (CHIEN) FLUO - 01 TUBE (30cm),30,PIECE
3667193012387,BRACELET MFSI02 (CHIEN) FLUO - 01 TUBE (40cm),40,PIECE
3667193012370,BRACELET MFSI01 (CHIEN) - 01 TUBE (30cm),30,PIECE
3667193012356,BRACELET MFSI01 (CHIEN) - 01 TUBE (40cm),40,PIECE
3667193013322,BRACELET FSI60 S FIMO FLUO - 01 TUBE (40cm),40,PIECE
3667193021266,BRACELET BFSI12 BZH - 08S,1,PIECE
3667193021259,BRACELET BFSI12 BZH - 08G,1,PIECE
3667193021242,BRACELET BFSI12 BZH - 07S,1,PIECE
3667193021235,BRACELET BFSI12 BZH - 07G,1,PIECE
3667193021228,BRACELET BFSI12 BZH - 06S,1,PIECE
3667193021211,BRACELET BFSI12 BZH - 06G,1,PIECE
3667193021204,BRACELET BFSI12 BZH - 05S,1,PIECE
3667193021198,BRACELET BFSI12 BZH - 05G,1,PIECE
3667193021181,BRACELET BFSI12 BZH - 04S,1,PIECE
3667193021174,BRACELET BFSI12 BZH - 04G,1,PIECE
3667193021167,BRACELET BFSI12 BZH - 03S,1,PIECE
3667193021150,BRACELET BFSI12 BZH - 03G,1,PIECE
3667193021143,BRACELET BFSI12 BZH - 02S,1,PIECE
3667193021136,BRACELET BFSI12 BZH - 02G,1,PIECE
3667193021129,BRACELET BFSI12 BZH - 01S,1,PIECE
3667193021112,BRACELET BFSI12 BZH - 01G,1,PIECE
3667193021105,BRACELET BFSI11 BZH - 10S,1,PIECE
3667193021099,BRACELET BFSI11 BZH - 10G,1,PIECE
3667193021082,BRACELET BFSI11 BZH - 09S,1,PIECE
3667193021075,BRACELET BFSI11 BZH - 09G,1,PIECE
3667193021068,BRACELET BFSI11 BZH - 08S,1,PIECE
3667193021051,BRACELET BFSI11 BZH - 08G,1,PIECE
3667193021044,BRACELET BFSI11 BZH - 07S,1,PIECE
3667193021037,BRACELET BFSI11 BZH - 07G,1,PIECE
3667193021020,BRACELET BFSI11 BZH - 06S,1,PIECE
3667193021013,BRACELET BFSI11 BZH - 06G,1,PIECE
3667193021006,BRACELET BFSI11 BZH - 05S,1,PIECE
3667193020993,BRACELET BFSI11 BZH - 05G,1,PIECE
3667193020986,BRACELET BFSI11 BZH - 04S,1,PIECE
3667193020979,BRACELET BFSI11 BZH - 04G,1,PIECE
3667193020962,BRACELET BFSI11 BZH - 03S,1,PIECE
3667193020955,BRACELET BFSI11 BZH - 03G,1,PIECE
3667193020948,BRACELET BFSI11 BZH - 02S,1,PIECE
3667193020931,BRACELET BFSI11 BZH - 02G,1,PIECE
3667193020924,BRACELET BFSI11 BZH - 01S,1,PIECE
3667193020917,BRACELET BFSI11 BZH - 01G,1,PIECE
3667193020900,BRACELET BFSI10 BZH - 08S,1,PIECE
3667193020894,BRACELET BFSI10 BZH - 08G,1,PIECE
3667193020887,BRACELET BFSI10 BZH - 07S,1,PIECE
3667193020870,BRACELET BFSI10 BZH - 07G,1,PIECE
3667193020863,BRACELET BFSI10 BZH - 06S,1,PIECE
3667193020856,BRACELET BFSI10 BZH - 06G,1,PIECE
3667193020849,BRACELET BFSI10 BZH - 05S,1,PIECE
3667193020832,BRACELET BFSI10 BZH - 05G,1,PIECE
3667193020818,BRACELET BFSI10 BZH - 04S,1,PIECE
3667193020801,BRACELET BFSI10 BZH - 04G,1,PIECE
3667193020795,BRACELET BFSI10 BZH - 03S,1,PIECE
3667193020788,BRACELET BFSI10 BZH - 03G,1,PIECE
3667193020771,BRACELET BFSI10 BZH - 02S,1,PIECE
3667193020764,BRACELET BFSI10 BZH - 02G,1,PIECE
3667193020757,BRACELET BFSI10 BZH - 01S,1,PIECE
3667193020740,BRACELET BFSI10 BZH - 01G,1,PIECE
3667193020733,BRACELET BFSI09 BZH - 10S,1,PIECE
3667193020726,BRACELET BFSI09 BZH - 10G,1,PIECE
3667193020719,BRACELET BFSI09 BZH - 09S,1,PIECE
3667193020702,BRACELET BFSI09 BZH - 09G,1,PIECE
3667193020696,BRACELET BFSI09 BZH - 08S,1,PIECE
3667193020689,BRACELET BFSI09 BZH - 08G,1,PIECE
3667193020672,BRACELET BFSI09 BZH - 07S,1,PIECE
3667193020665,BRACELET BFSI09 BZH - 07G,1,PIECE
3667193020658,BRACELET BFSI09 BZH - 06S,1,PIECE
3667193020641,BRACELET BFSI09 BZH - 06G,1,PIECE
3667193020634,BRACELET BFSI09 BZH - 05S,1,PIECE
3667193020627,BRACELET BFSI09 BZH - 05G,1,PIECE
3667193020610,BRACELET BFSI09 BZH - 04S,1,PIECE
3667193020603,BRACELET BFSI09 BZH - 04G,1,PIECE
3667193020597,BRACELET BFSI09 BZH - 03S,1,PIECE
3667193020580,BRACELET BFSI09 BZH - 03G,1,PIECE
3667193020573,BRACELET BFSI09 BZH - 02S,1,PIECE
3667193020566,BRACELET BFSI09 BZH - 02G,1,PIECE
3667193020559,BRACELET BFSI09 BZH - 01S,1,PIECE
3667193020542,BRACELET BFSI09 BZH - 01G,1,PIECE
3667193020535,BRACELET BFSI08 BZH - 10S,1,PIECE
3667193020528,BRACELET BFSI08 BZH - 10G,1,PIECE
3667193020511,BRACELET BFSI08 BZH - 09S,1,PIECE
3667193020504,BRACELET BFSI08 BZH - 09G,1,PIECE
3667193020498,BRACELET BFSI08 BZH - 08S,1,PIECE
3667193020481,BRACELET BFSI08 BZH - 08G,1,PIECE
3667193020474,BRACELET BFSI07 BZH - 07S,1,PIECE
3667193020467,BRACELET BFSI08 BZH - 07G,1,PIECE
3667193020450,BRACELET BFSI08 BZH - 06S,1,PIECE
3667193020443,BRACELET BFSI08 BZH - 06G,1,PIECE
3667193020436,BRACELET BFSI08 BZH - 05S,1,PIECE
3667193020429,BRACELET BFSI08 BZH - 05G,1,PIECE
3667193020412,BRACELET BFSI08 BZH - 04S,1,PIECE
3667193020405,BRACELET BFSI08 BZH - 04G,1,PIECE
3667193020399,BRACELET BFSI08 BZH - 03S,1,PIECE
3667193020382,BRACELET BFSI08 BZH - 03G,1,PIECE
3667193020375,BRACELET BFSI08 BZH - 02S,1,PIECE
3667193020368,BRACELET BFSI08 BZH - 02G,1,PIECE
3667193020351,BRACELET BFSI08 BZH - 01S,1,PIECE
3667193020344,BRACELET BFSI08 BZH - 01G,1,PIECE
3667193020337,BRACELET BFSI07 BZH - 08S,1,PIECE
3667193020320,BRACELET BFSI07 BZH - 08G,1,PIECE
3667193020313,BRACELET BFSI07 BZH - 07S,1,PIECE
3667193020306,BRACELET BFSI07 BZH - 07G,1,PIECE
3667193020290,BRACELET BFSI07 BZH - 06S,1,PIECE
3667193020283,BRACELET BFSI07 BZH - 06G,1,PIECE
3667193020276,BRACELET BFSI07 BZH - 05S,1,PIECE
3667193020269,BRACELET BFSI07 BZH - 05G,1,PIECE
3667193020252,BRACELET BFSI07 BZH - 04S,1,PIECE
3667193020245,BRACELET BFSI07 BZH - 04G,1,PIECE
3667193020238,BRACELET BFSI07 BZH - 03S,1,PIECE
3667193020221,BRACELET BFSI07 BZH - 03G,1,PIECE
3667193020214,BRACELET BFSI07 BZH - 02S,1,PIECE
3667193020207,BRACELET BFSI07 BZH - 02G,1,PIECE
3667193020191,BRACELET BFSI07 BZH - 01S,1,PIECE
3667193020184,BRACELET BFSI07 BZH - 01G,1,PIECE
3667193020177,BRACELET BFSI06 BZH - 10S,1,PIECE
3667193020160,BRACELET BFSI06 BZH - 10G,1,PIECE
3667193020153,BRACELET BFSI06 BZH - 09S,1,PIECE
3667193020146,BRACELET BFSI06 BZH - 09G,1,PIECE
3667193020139,BRACELET BFSI06 BZH - 08S,1,PIECE
3667193020122,BRACELET BFSI06 BZH - 08G,1,PIECE
3667193020115,BRACELET BFSI06 BZH - 07S,1,PIECE
3667193020108,BRACELET BFSI06 BZH - 06S,1,PIECE
3667193020092,BRACELET BFSI06 BZH - 07G,1,PIECE
3667193020085,BRACELET BFSI06 BZH - 06G,1,PIECE
3667193020078,BRACELET BFSI06 BZH - 05S,1,PIECE
3667193020061,BRACELET BFSI06 BZH - 05G,1,PIECE
3667193020054,BRACELET BFSI06 BZH - 04S,1,PIECE
3667193020047,BRACELET BFSI06 BZH - 04G,1,PIECE
3667193020030,BRACELET BFSI06 BZH - 03S,1,PIECE
3667193020023,BRACELET BFSI06 BZH - 03G,1,PIECE
3667193020016,BRACELET BFSI06 BZH - 02S,1,PIECE
3667193020009,BRACELET BFSI06 BZH - 02G,1,PIECE
3667193019997,BRACELET BFSI06 BZH - 01S,1,PIECE
3667193019980,BRACELET BFSI06 BZH - 01G,1,PIECE
3667193019973,BRACELET BFSI05 BZH - 08S,1,PIECE
3667193019966,BRACELET BFSI05 BZH - 08G,1,PIECE
3667193019959,BRACELET BFSI05 BZH - 07S,1,PIECE
3667193019942,BRACELET BFSI05 BZH - 07G,1,PIECE
3667193019935,BRACELET BFSI05 BZH - 06S,1,PIECE
3667193019928,BRACELET BFSI05 BZH - 06G,1,PIECE
3667193019911,BRACELET BFSI05 BZH - 05S,1,PIECE
3667193019904,BRACELET BFSI05 BZH - 05G,1,PIECE
3667193019898,BRACELET BFSI05 BZH - 04S,1,PIECE
3667193019881,BRACELET BFSI05 BZH - 04G,1,PIECE
3667193019874,BRACELET BFSI05 BZH - 03S,1,PIECE
3667193019867,BRACELET BFSI05 BZH - 03G,1,PIECE
3667193019850,BRACELET BFSI05 BZH - 02S,1,PIECE
3667193019843,BRACELET BFSI05 BZH - 02G,1,PIECE
3667193019836,BRACELET BFSI05 BZH - 01S,1,PIECE
3667193019829,BRACELET BFSI05 BZH - 01G,1,PIECE
3667193019812,BRACELET BFSI04 BZH - 06S,1,PIECE
3667193019805,BRACELET BFSI04 BZH - 05S,1,PIECE
3667193019799,BRACELET BFSI04 BZH - 04S,1,PIECE
3667193019782,BRACELET BFSI04 BZH - 03S,1,PIECE
3667193019775,BRACELET BFSI04 BZH - 02S,1,PIECE
3667193019768,BRACELET BFSI04 BZH - 01S,1,PIECE
3667193019751,BRACELET BFSI04 BZH - 06G,1,PIECE
3667193019744,BRACELET BFSI04 BZH - 05G,1,PIECE
3667193019737,BRACELET BFSI04 BZH - 04G,1,PIECE
3667193019720,BRACELET BFSI04 BZH - 03G,1,PIECE
3667193019713,BRACELET BFSI04 BZH - 02G,1,PIECE
3667193019706,BRACELET BFSI04 BZH - 01G,1,PIECE
3667193019690,BRACELET BFSI03 BZH - 16S,1,PIECE
3667193019683,BRACELET BFSI03 BZH - 16G,1,PIECE
3667193019676,BRACELET BFSI03 BZH - 15S,1,PIECE
3667193019669,BRACELET BFSI03 BZH - 15G,1,PIECE
3667193019652,BRACELET BFSI03 BZH - 14S,1,PIECE
3667193019645,BRACELET BFSI03 BZH - 14G,1,PIECE
3667193019638,BRACELET BFSI03 BZH - 13S,1,PIECE
3667193019621,BRACELET BFSI03 BZH - 13G,1,PIECE
3667193019614,BRACELET BFSI03 BZH - 12S,1,PIECE
3667193019607,BRACELET BFSI03 BZH - 12G,1,PIECE
3667193019591,BRACELET BFSI03 BZH - 11S,1,PIECE
3667193019584,BRACELET BFSI03 BZH - 11G,1,PIECE
3667193019577,BRACELET BFSI03 BZH - 10S,1,PIECE
3667193019560,BRACELET BFSI03 BZH - 10G,1,PIECE
3667193019553,BRACELET BFSI03 BZH - 09S,1,PIECE
3667193019546,BRACELET BFSI03 BZH - 09G,1,PIECE
3667193019539,BRACELET BFSI03 BZH - 08S,1,PIECE
3667193019522,BRACELET BFSI03 BZH - 08G,1,PIECE
3667193019515,BRACELET BFSI03 BZH - 07S,1,PIECE
3667193019508,BRACELET BFSI03 BZH - 07G,1,PIECE
3667193019492,BRACELET BFSI03 BZH - 06S,1,PIECE
3667193019485,BRACELET BFSI03 BZH - 06G,1,PIECE
3667193019478,BRACELET BFSI03 BZH - 05S,1,PIECE
3667193019461,BRACELET BFSI03 BZH - 05G,1,PIECE
3667193019454,BRACELET BFSI03 BZH - 04S,1,PIECE
3667193019447,BRACELET BFSI03 BZH - 04G,1,PIECE
3667193019430,BRACELET BFSI03 BZH - 03S,1,PIECE
3667193019423,BRACELET BFSI03 BZH - 03G,1,PIECE
3667193019416,BRACELET BFSI03 BZH - 02S,1,PIECE
3667193019409,BRACELET BFSI03 BZH - 02G,1,PIECE
3667193019393,BRACELET BFSI03 BZH - 01S,1,PIECE
3667193019386,BRACELET BFSI03 BZH - 01G,1,PIECE
3667193019379,BRACELET BFSI02 BZH - 06S,1,PIECE
3667193019362,BRACELET BFSI02 BZH - 06G,1,PIECE
3667193019355,BRACELET BFSI02 BZH - 05S,1,PIECE
3667193019348,BRACELET BFSI02 BZH - 05G,1,PIECE
3667193019331,BRACELET BFSI02 BZH - 04S,1,PIECE
3667193019324,BRACELET BFSI02 BZH - 04G,1,PIECE
3667193019317,BRACELET BFSI02 BZH - 03S,1,PIECE
3667193019300,BRACELET BFSI02 BZH - 03G,1,PIECE
3667193019294,BRACELET BFSI02 BZH - 02S,1,PIECE
3667193019287,BRACELET BFSI02 BZH - 02G,1,PIECE
3667193019270,BRACELET BFSI02 BZH - 01S,1,PIECE
3667193019263,BRACELET BFSI02 BZH - 01G,1,PIECE
3667193019256,BRACELET BFSI01 BZH - 16S,1,PIECE
3667193019249,BRACELET BFSI01 BZH - 16G,1,PIECE
3667193019232,BRACELET BFSI01 BZH - 15S,1,PIECE
3667193019225,BRACELET BFSI01 BZH - 15G,1,PIECE
3667193019218,BRACELET BFSI01 BZH - 14S,1,PIECE
3667193019201,BRACELET BFSI01 BZH - 14G,1,PIECE
3667193019195,BRACELET BFSI01 BZH - 13S,1,PIECE
3667193019188,BRACELET BFSI01 BZH - 13G,1,PIECE
3667193019171,BRACELET BFSI01 BZH - 12S,1,PIECE
3667193019164,BRACELET BFSI01 BZH - 12G,1,PIECE
3667193019157,BRACELET BFSI01 BZH - 11S,1,PIECE
3667193019140,BRACELET BFSI01 BZH - 11G,1,PIECE
3667193019133,BRACELET BFSI01 BZH - 10S,1,PIECE
3667193019126,BRACELET BFSI01 BZH - 10G,1,PIECE
3667193019119,BRACELET BFSI01 BZH - 09S,1,PIECE
3667193019102,BRACELET BFSI01 BZH - 09G,1,PIECE
3667193019096,BRACELET BFSI01 BZH - 08S,1,PIECE
3667193019089,BRACELET BFSI01 BZH - 08G,1,PIECE
3667193019072,BRACELET BFSI01 BZH - 07S,1,PIECE
3667193019065,BRACELET BFSI01 BZH - 07G,1,PIECE
3667193019058,BRACELET BFSI01 BZH - 06S,1,PIECE
3667193019041,BRACELET BFSI01 BZH - 06G,1,PIECE
3667193019034,BRACELET BFSI01 BZH - 05S,1,PIECE
3667193019027,BRACELET BFSI01 BZH - 05G,1,PIECE
3667193019010,BRACELET BFSI01 BZH - 04S,1,PIECE
3667193019003,BRACELET BFSI01 BZH - 04G,1,PIECE
3667193018990,BRACELET BFSI01 BZH - 03S,1,PIECE
3667193018983,BRACELET BFSI01 BZH - 03G,1,PIECE
3667193018976,BRACELET BFSI01 BZH - 02S,1,PIECE
3667193018969,BRACELET BFSI01 BZH - 02G,1,PIECE
3667193018952,BRACELET BFSI01 BZH - 01S,1,PIECE
3667193018945,BRACELET BFSI01 BZH - 01G,1,PIECE
3667193018938,BRACELET WS04 TORTUE FLUO - 10S,1,PIECE
3667193018921,BRACELET WS04 TORTUE FLUO - 10G,1,PIECE
3667193018914,BRACELET WS04 TORTUE FLUO - 09S,1,PIECE
3667193018907,BRACELET WS04 TORTUE FLUO - 09G,1,PIECE
3667193018891,BRACELET WS04 TORTUE FLUO - 08S,1,PIECE
3667193018884,BRACELET WS04 TORTUE FLUO - 08G,1,PIECE
3667193018877,BRACELET WS04 TORTUE FLUO - 07S,1,PIECE
3667193018860,BRACELET WS04 TORTUE FLUO - 07G,1,PIECE
3667193018853,BRACELET WS04 TORTUE FLUO - 06S,1,PIECE
3667193018846,BRACELET WS04 TORTUE FLUO - 06G,1,PIECE
3667193018839,BRACELET WS04 TORTUE FLUO - 05S,1,PIECE
3667193018822,BRACELET WS04 TORTUE FLUO - 05G,1,PIECE
3667193018815,BRACELET WS04 TORTUE FLUO - 04S,1,PIECE
3667193018808,BRACELET WS04 TORTUE FLUO - 04G,1,PIECE
3667193018792,BRACELET WS04 TORTUE FLUO - 03S,1,PIECE
3667193018785,BRACELET WS04 TORTUE FLUO - 03G,1,PIECE
3667193018778,BRACELET WS04 TORTUE FLUO - 02S,1,PIECE
3667193018761,BRACELET WS04 TORTUE FLUO - 02G,1,PIECE
3667193018754,BRACELET WS04 TORTUE FLUO - 01S,1,PIECE
3667193018747,BRACELET WS04 TORTUE FLUO - 01G,1,PIECE
3667193018730,BRACELET WS01 CROIX FLUO - 10S,1,PIECE
3667193018723,BRACELET WS01 CROIX FLUO - 10G,1,PIECE
3667193018716,BRACELET WS01 CROIX FLUO - 09S,1,PIECE
3667193018709,BRACELET WS01 CROIX FLUO - 09G,1,PIECE
3667193018693,BRACELET WS01 CROIX FLUO - 08S,1,PIECE
3667193018686,BRACELET WS01 CROIX FLUO - 08G,1,PIECE
3667193018679,BRACELET WS01 CROIX FLUO - 07S,1,PIECE
3667193018662,BRACELET WS01 CROIX FLUO - 07G,1,PIECE
3667193018655,BRACELET WS01 CROIX FLUO - 06S,1,PIECE
3667193018648,BRACELET WS01 CROIX FLUO - 06G,1,PIECE
3667193018631,BRACELET WS01 CROIX FLUO - 05S,1,PIECE
3667193018624,BRACELET WS01 CROIX FLUO - 05G,1,PIECE
3667193018617,BRACELET WS01 CROIX FLUO - 04S,1,PIECE
3667193018600,BRACELET WS01 CROIX FLUO - 04G,1,PIECE
3667193018594,BRACELET WS01 CROIX FLUO - 03S,1,PIECE
3667193018587,BRACELET WS01 CROIX FLUO - 03G,1,PIECE
3667193018570,BRACELET WS01 CROIX FLUO - 02S,1,PIECE
3667193018563,BRACELET WS01 CROIX FLUO - 02G,1,PIECE
3667193018556,BRACELET WS01 CROIX FLUO - 01S,1,PIECE
3667193018549,BRACELET WS01 CROIX FLUO - 01G,1,PIECE
3667193017498,BRACELET FSI24 PIERRE MACRAMET - 05,1,PIECE
3667193017481,BRACELET FSI24 PIERRE MACRAMET - 04,1,PIECE
3667193017474,BRACELET FSI24 PIERRE MACRAMET - 03,1,PIECE
3667193017467,BRACELET FSI24 PIERRE MACRAMET - 02,1,PIECE
3667193017450,BRACELET FSI24 PIERRE MACRAMET - 01,1,PIECE
3667193017443,BRACELET WS02 MENOTTE FLUO - 10S,1,PIECE
3667193017436,BRACELET WS02 MENOTTE FLUO - 10G,1,PIECE
3667193017429,BRACELET WS02 MENOTTE FLUO - 09S,1,PIECE
3667193017412,BRACELET WS02 MENOTTE FLUO - 09G,1,PIECE
3667193017405,BRACELET WS02 MENOTTE FLUO - 08S,1,PIECE
3667193017399,BRACELET WS02 MENOTTE FLUO - 08G,1,PIECE
3667193017382,BRACELET WS02 MENOTTE FLUO - 07S,1,PIECE
3667193017375,BRACELET WS02 MENOTTE FLUO - 07G,1,PIECE
3667193017368,BRACELET WS02 MENOTTE FLUO - 06S,1,PIECE
3667193017351,BRACELET WS02 MENOTTE FLUO - 06G,1,PIECE
3667193017344,BRACELET WS02 MENOTTE FLUO - 05S,1,PIECE
3667193017337,BRACELET WS02 MENOTTE FLUO - 05G,1,PIECE
3667193017320,BRACELET WS02 MENOTTE FLUO - 04S,1,PIECE
3667193017313,BRACELET WS02 MENOTTE FLUO - 04G,1,PIECE
3667193017306,BRACELET WS02 MENOTTE FLUO - 03S,1,PIECE
3667193017290,BRACELET WS02 MENOTTE FLUO - 03G,1,PIECE
3667193017283,BRACELET WS02 MENOTTE FLUO - 02S,1,PIECE
3667193017276,BRACELET WS02 MENOTTE FLUO - 02G,1,PIECE
3667193017269,BRACELET WS02 MENOTTE FLUO - 01S,1,PIECE
3667193017252,BRACELET WS02 MENOTTE FLUO - 01G,1,PIECE
3667193017245,BRACELET HM03 VAGUE SIMPLE - 13S,1,PIECE
3667193017238,BRACELET HM03 VAGUE SIMPLE - 13G,1,PIECE
3667193017221,BRACELET HM03 VAGUE SIMPLE - 12S,1,PIECE
3667193017214,BRACELET HM03 VAGUE SIMPLE - 12G,1,PIECE
3667193017207,BRACELET HM03 VAGUE SIMPLE - 11S,1,PIECE
3667193017191,BRACELET HM03 VAGUE SIMPLE - 11G,1,PIECE
3667193017184,BRACELET HM03 VAGUE SIMPLE - 10S,1,PIECE
3667193017177,BRACELET HM03 VAGUE SIMPLE - 10G,1,PIECE
3667193017160,BRACELET HM03 VAGUE SIMPLE - 09S,1,PIECE
3667193017153,BRACELET HM03 VAGUE SIMPLE - 09G,1,PIECE
3667193017146,BRACELET HM03 VAGUE SIMPLE - 08S,1,PIECE
3667193017139,BRACELET HM03 VAGUE SIMPLE - 08G,1,PIECE
3667193017122,BRACELET HM03 VAGUE SIMPLE - 07S,1,PIECE
3667193017115,BRACELET HM03 VAGUE SIMPLE - 07G,1,PIECE
3667193017108,BRACELET HM03 VAGUE SIMPLE - 06S,1,PIECE
3667193017092,BRACELET HM03 VAGUE SIMPLE - 06G,1,PIECE
3667193017085,BRACELET HM03 VAGUE SIMPLE - 05S,1,PIECE
3667193017078,BRACELET HM03 VAGUE SIMPLE - 05G,1,PIECE
3667193017061,BRACELET HM03 VAGUE SIMPLE - 04S,1,PIECE
3667193017054,BRACELET HM03 VAGUE SIMPLE - 04G,1,PIECE
3667193017047,BRACELET HM03 VAGUE SIMPLE - 03S,1,PIECE
3667193017030,BRACELET HM03 VAGUE SIMPLE - 03G,1,PIECE
3667193017023,BRACELET HM03 VAGUE SIMPLE - 02S,1,PIECE
3667193017016,BRACELET HM03 VAGUE SIMPLE - 02G,1,PIECE
3667193017009,BRACELET HM03 VAGUE SIMPLE - 01S,1,PIECE
3667193016996,BRACELET HM03 VAGUE SIMPLE - 01G,1,PIECE
3667193016989,BRACELET HM04 TORTUE SIMPLE - 13S,1,PIECE
3667193016972,BRACELET HM04 TORTUE SIMPLE - 13G,1,PIECE
3667193016965,BRACELET HM04 TORTUE SIMPLE - 12S,1,PIECE
3667193016958,BRACELET HM04 TORTUE SIMPLE - 12G,1,PIECE
3667193016941,BRACELET HM04 TORTUE SIMPLE - 11S,1,PIECE
3667193016934,BRACELET HM04 TORTUE SIMPLE - 11G,1,PIECE
3667193016927,BRACELET HM04 TORTUE SIMPLE - 10S,1,PIECE
3667193016910,BRACELET HM04 TORTUE SIMPLE - 10G,1,PIECE
3667193016903,BRACELET HM04 TORTUE SIMPLE - 09S,1,PIECE
3667193016897,BRACELET HM04 TORTUE SIMPLE - 09G,1,PIECE
3667193016880,BRACELET HM04 TORTUE SIMPLE - 08S,1,PIECE
3667193016873,BRACELET HM04 TORTUE SIMPLE - 08G,1,PIECE
3667193016866,BRACELET HM04 TORTUE SIMPLE - 07S,1,PIECE
3667193016859,BRACELET HM04 TORTUE SIMPLE - 07G,1,PIECE
3667193016842,BRACELET HM04 TORTUE SIMPLE - 06S,1,PIECE
3667193016835,BRACELET HM04 TORTUE SIMPLE - 06G,1,PIECE
3667193016828,BRACELET HM04 TORTUE SIMPLE - 05S,1,PIECE
3667193016811,BRACELET HM04 TORTUE SIMPLE - 05G,1,PIECE
3667193016804,BRACELET HM04 TORTUE SIMPLE - 04S,1,PIECE
3667193016798,BRACELET HM04 TORTUE SIMPLE - 04G,1,PIECE
3667193016781,BRACELET HM04 TORTUE SIMPLE - 03S,1,PIECE
3667193016774,BRACELET HM04 TORTUE SIMPLE - 03G,1,PIECE
3667193016767,BRACELET HM04 TORTUE SIMPLE - 02S,1,PIECE
3667193016750,BRACELET HM04 TORTUE SIMPLE - 02G,1,PIECE
3667193016743,BRACELET HM04 TORTUE SIMPLE - 01S,1,PIECE
3667193016736,BRACELET HM04 TORTUE SIMPLE - 01G,1,PIECE
3667193003859,BRACELET FSI18 S COQUILLAGE DORÉ - 07S,1,PIECE
3667193003842,BRACELET FSI18 S COQUILLAGE DORÉ - 07G,1,PIECE
3667193003835,BRACELET FSI18 S COQUILLAGE DORÉ - 06S,1,PIECE
3667193003828,BRACELET FSI18 S COQUILLAGE DORÉ - 06G,1,PIECE
3667193003811,BRACELET FSI18 S COQUILLAGE DORÉ - 05S,1,PIECE
3667193003804,BRACELET FSI18 S COQUILLAGE DORÉ - 05G,1,PIECE
3667193003798,BRACELET FSI18 S COQUILLAGE DORÉ - 04S,1,PIECE
3667193003781,BRACELET FSI18 S COQUILLAGE DORÉ - 04G,1,PIECE
3667193003774,BRACELET FSI18 S COQUILLAGE DORÉ - 03S,1,PIECE
3667193003767,BRACELET FSI18 S COQUILLAGE DORÉ - 03G,1,PIECE
3667193003750,BRACELET FSI18 S COQUILLAGE DORÉ - 02S,1,PIECE
3667193003743,BRACELET FSI18 S COQUILLAGE DORÉ - 02G,1,PIECE
3667193003736,BRACELET FSI18 S COQUILLAGE DORÉ - 01S,1,PIECE
3667193003729,BRACELET FSI18 S COQUILLAGE DORÉ - 01G,1,PIECE
3667193015425,BRACELET FSI06 S FIMO COQUILLAGE - 10,1,PIECE
3667193015418,BRACELET FSI06 S FIMO COQUILLAGE - 09,1,PIECE
3667193015401,BRACELET FSI06 S FIMO COQUILLAGE - 08,1,PIECE
3667193015395,BRACELET FSI06 S FIMO COQUILLAGE - 07,1,PIECE
3667193015388,BRACELET FSI06 S FIMO COQUILLAGE - 06,1,PIECE
3667193015371,BRACELET FSI06 S FIMO COQUILLAGE - 05,1,PIECE
3667193015364,BRACELET FSI06 S FIMO COQUILLAGE - 04,1,PIECE
3667193015357,BRACELET FSI06 S FIMO COQUILLAGE - 03,1,PIECE
3667193015340,BRACELET FSI06 S FIMO COQUILLAGE - 02,1,PIECE
3667193015333,BRACELET FSI06 S FIMO COQUILLAGE - 01,1,PIECE
3667193015326,BRACELET FSI02 S FIMO PEARL - 10,1,PIECE
3667193015319,BRACELET FSI02 S FIMO PEARL - 09,1,PIECE
3667193015302,BRACELET FSI02 S FIMO PEARL - 08,1,PIECE
3667193015296,BRACELET FSI02 S FIMO PEARL - 07,1,PIECE
3667193015289,BRACELET FSI02 S FIMO PEARL - 06,1,PIECE
3667193015272,BRACELET FSI02 S FIMO PEARL - 05,1,PIECE
3667193015265,BRACELET FSI02 S FIMO PEARL - 04,1,PIECE
3667193015258,BRACELET FSI02 S FIMO PEARL - 03,1,PIECE
3667193015241,BRACELET FSI02 S FIMO PEARL - 02,1,PIECE
3667193015234,BRACELET FSI02 S FIMO PEARL - 01,1,PIECE
3667193015227,BRACELET FSI05 S FIMO COULEUR - 10S,1,PIECE
3667193015210,BRACELET FSI05 S FIMO COULEUR - 10G,1,PIECE
3667193015203,BRACELET FSI05 S FIMO COULEUR - 09S,1,PIECE
3667193015197,BRACELET FSI05 S FIMO COULEUR - 09G,1,PIECE
3667193015180,BRACELET FSI05 S FIMO COULEUR - 08S,1,PIECE
3667193015173,BRACELET FSI05 S FIMO COULEUR - 08G,1,PIECE
3667193015166,BRACELET FSI05 S FIMO COULEUR - 07S,1,PIECE
3667193015159,BRACELET FSI05 S FIMO COULEUR - 07G,1,PIECE
3667193015142,BRACELET FSI05 S FIMO COULEUR - 06S,1,PIECE
3667193015135,BRACELET FSI05 S FIMO COULEUR - 06G,1,PIECE
3667193015128,BRACELET FSI05 S FIMO COULEUR - 05S,1,PIECE
3667193015111,BRACELET FSI05 S FIMO COULEUR - 05G,1,PIECE
3667193015104,BRACELET FSI05 S FIMO COULEUR - 04S,1,PIECE
3667193015098,BRACELET FSI18 S COQUILLAGE DORÉ - 16S,1,PIECE
3667193015081,BRACELET FSI05 S FIMO COULEUR - 04G,1,PIECE
3667193015074,BRACELET FSI18 S COQUILLAGE DORÉ - 15S,1,PIECE
3667193015067,BRACELET FSI18 S COQUILLAGE DORÉ - 14S,1,PIECE
3667193015050,BRACELET FSI05 S FIMO COULEUR - 03S,1,PIECE
3667193015043,BRACELET FSI18 S COQUILLAGE DORÉ - 13S,1,PIECE
3667193015036,BRACELET FSI05 S FIMO COULEUR - 03G,1,PIECE
3667193015029,BRACELET FSI18 S COQUILLAGE DORÉ - 12S,1,PIECE
3667193015012,BRACELET FSI05 S FIMO COULEUR - 02S,1,PIECE
3667193015005,BRACELET FSI18 S COQUILLAGE DORÉ - 11S,1,PIECE
3667193014992,BRACELET FSI05 S FIMO COULEUR - 02G,1,PIECE
3667193014985,BRACELET FSI18 S COQUILLAGE DORÉ - 10S,1,PIECE
3667193014978,BRACELET FSI18 S COQUILLAGE DORÉ - 09S,1,PIECE
3667193014961,BRACELET FSI05 S FIMO COULEUR - 01S,1,PIECE
3667193014954,BRACELET FSI18 S COQUILLAGE DORÉ - 08S,1,PIECE
3667193014947,BRACELET FSI05 S FIMO COULEUR - 01G,1,PIECE
3667193014930,BRACELET FSI18 S COQUILLAGE DORÉ - 07S,1,PIECE
3667193014923,BRACELET FSI18 S COQUILLAGE DORÉ - 06S,1,PIECE
3667193014916,BRACELET FSI18 S COQUILLAGE DORÉ - 05S,1,PIECE
3667193014909,BRACELET FSI18 S COQUILLAGE DORÉ - 04S,1,PIECE
3667193014893,BRACELET FSI68 - 08,1,PIECE
3667193014886,BRACELET FSI18 S COQUILLAGE DORÉ - 03S,1,PIECE
3667193014879,BRACELET FSI18 S COQUILLAGE DORÉ - 02S,1,PIECE
3667193014862,BRACELET FSI68 - 07,1,PIECE
3667193014855,BRACELET FSI18 S COQUILLAGE DORÉ - 01S,1,PIECE
3667193014848,BRACELET FSI68 - 06,1,PIECE
3667193014831,BRACELET FSI68 - 05,1,PIECE
3667193014824,BRACELET FSI68 - 04,1,PIECE
3667193014817,BRACELET FSI68 - 03,1,PIECE
3667193014800,BRACELET FSI68 - 02,1,PIECE
3667193014794,BRACELET FSI68 - 01,1,PIECE
3667193014787,BRACELET MFSI15 - 16S,1,PIECE
3667193014770,BRACELET MFSI15 - 16G,1,PIECE
3667193014763,BRACELET MFSI15 - 15S,1,PIECE
3667193014756,BRACELET MFSI15 - 15G,1,PIECE
3667193014749,BRACELET MFSI15 - 14S,1,PIECE
3667193014732,BRACELET MFSI15 - 14G,1,PIECE
3667193014725,BRACELET MFSI15 - 13S,1,PIECE
3667193014718,BRACELET MFSI15 - 13G,1,PIECE
3667193014701,BRACELET MFSI15 - 12S,1,PIECE
3667193014695,BRACELET MFSI15 - 12G,1,PIECE
3667193014688,BRACELET MFSI15 - 11S,1,PIECE
3667193014671,BRACELET MFSI15 - 11G,1,PIECE
3667193014664,BRACELET MFSI15 - 10S,1,PIECE
3667193014657,BRACELET MFSI15 - 10G,1,PIECE
3667193014640,BRACELET MFSI15 - 09S,1,PIECE
3667193014633,BRACELET MFSI15 - 09G,1,PIECE
3667193014626,BRACELET MFSI15 - 08S,1,PIECE
3667193014619,BRACELET MFSI15 - 08G,1,PIECE
3667193014602,BRACELET MFSI15 - 07S,1,PIECE
3667193014596,BRACELET MFSI15 - 07G,1,PIECE
3667193014589,BRACELET MFSI15 - 06S,1,PIECE
3667193014572,BRACELET MFSI15 - 06G,1,PIECE
3667193014565,BRACELET MFSI15 - 05S,1,PIECE
3667193014558,BRACELET MFSI15 - 05G,1,PIECE
3667193014541,BRACELET MFSI15 - 04S,1,PIECE
3667193014534,BRACELET MFSI15 - 04G,1,PIECE
3667193014527,BRACELET MFSI15 - 03S,1,PIECE
3667193014510,BRACELET MFSI15 - 03G,1,PIECE
3667193014503,BRACELET MFSI15 - 02S,1,PIECE
3667193014473,BRACELET MFSI15 - 02G,1,PIECE
3667193014459,BRACELET MFSI15 - 01S,1,PIECE
3667193014428,BRACELET MFSI15 - 01G,1,PIECE
3667193014381,BRACELET BFSI11 BZH - 01 TUBE (30cm),30,PIECE
3667193014374,BRACELET BFSI11 BZH - 01 TUBE (40cm),40,PIECE
3667193014367,BRACELET BFSI10 BZH - 01 TUBE (30cm),30,PIECE
3667193014350,BRACELET BFSI10 BZH - 01 TUBE (40cm),40,PIECE
3667193014343,BRACELET BFSI09 BZH - 01 TUBE (30cm),30,PIECE
3667193014336,BRACELET BFSI09 BZH - 01 TUBE (40cm),40,PIECE
3667193014329,BRACELET BFSI08 BZH - 01 TUBE (30cm),30,PIECE
3667193014312,BRACELET BFSI08 BZH - 01 TUBE (40cm),40,PIECE
3667193014305,BRACELET BFSI07 BZH - 01 TUBE (30cm),30,PIECE
3667193014299,BRACELET BFSI07 BZH - 01 TUBE (40cm),40,PIECE
3667193014282,BRACELET BFSI06 BZH - 01 TUBE (30cm),30,PIECE
3667193014275,BRACELET BFSI06 BZH - 01 TUBE (40cm),40,PIECE
3667193014268,BRACELET BFSI05 BZH - 01 TUBE (30cm),30,PIECE
3667193014251,BRACELET BFSI05 BZH - 01 TUBE (40cm),40,PIECE
3667193014244,BRACELET BFSI04 BZH - 01 TUBE (30cm),30,PIECE
3667193014237,BRACELET BFSI04 BZH - 01 TUBE (40cm),40,PIECE
3667193014220,BRACELET BFSI03 BZH - 01 TUBE (30cm),30,PIECE
3667193014213,BRACELET BFSI03 BZH - 01 TUBE (40cm),40,PIECE
3667193014206,BRACELET BFSI02 BZH -  01 TUBE (30cm),30,PIECE
3667193014190,BRACELET BFSI02 BZH -  01 TUBE (40cm),40,PIECE
3667193014183,BRACELET BFSI01 BZH - 01 TUBE (30cm),30,PIECE
3667193014176,BRACELET BFSI01 BZH - 01 TUBE (40cm),40,PIECE
3667193014039,BRACELET MFSI17 (LA PLAGNE)	 - 08S,1,PIECE
3667193014015,BRACELET MFSI17 (LA PLAGNE)	 - 07S,1,PIECE
3667193014008,BRACELET MFSI17 (LA PLAGNE)	 - 06S,1,PIECE
3667193013995,BRACELET MFSI17 (LA PLAGNE)	 - 05S,1,PIECE
3667193013971,BRACELET MFSI17 (LA PLAGNE)	 - 04S,1,PIECE
3667193013957,BRACELET MFSI17 (LA PLAGNE)	 - 03S,1,PIECE
3667193013926,BRACELET MFSI17 (LA PLAGNE)	 - 02S,1,PIECE
3667193013919,BRACELET FSI67 - 08B,1,PIECE
3667193013902,BRACELET MFSI17 (LA PLAGNE)	 - 01S,1,PIECE
3667193013896,BRACELET FSI67 - 08A,1,PIECE
3667193013872,BRACELET FSI67 - 07B,1,PIECE
3667193013834,BRACELET FSI67 - 07A,1,PIECE
3667193013803,BRACELET FSI67 - 06B,1,PIECE
3667193013797,BRACELET FSI67 - 06A,1,PIECE
3667193013773,BRACELET FSI67 - 05A,1,PIECE
3667193013780,BRACELET FSI67 - 05B,1,PIECE
3667193013766,BRACELET FSI67 - 04B,1,PIECE
3667193013759,BRACELET FSI67 - 04A,1,PIECE
3667193013742,BRACELET FSI67 - 03B,1,PIECE
3667193013735,BRACELET FSI67 - 03A,1,PIECE
3667193013704,BRACELET FSI67 - 01B,1,PIECE
3667193013711,BRACELET FSI67 - 02A,1,PIECE
3667193013728,BRACELET FSI67 - 02B,1,PIECE
3667193013698,BRACELET MFSI16 - 06S,1,PIECE
3667193013681,BRACELET FSI67 - 01A,1,PIECE
3667193013674,BRACELET MFSI16 - 06G,1,PIECE
3667193013667,BRACELET MFSI16 - 05S,1,PIECE
3667193013650,COLLIER FSI09 FIMO COQUILLAGE - 1 Crochet 5,5,PIECE
3667193013643,BRACELET MFSI16 - 05G,1,PIECE
3667193013636,BRACELET MFSI16 - 04S,1,PIECE
3667193013629,COLLIER FSI08 FIMO - 1 Crochet 5,5,PIECE
3667193013612,BRACELET MFSI16 - 04G,1,PIECE
3667193013605,BRACELET MFSI16 - 03S,1,PIECE
3667193013599,BRACELET MFSI16 - 03G,1,PIECE
3667193013582,BRACELET MFSI16 - 02S,1,PIECE
3667193013575,BRACELET MFSI16 - 02G,1,PIECE
3667193013568,BRACELET MFSI16 - 01S,1,PIECE
3667193013551,BRACELET MFSI16 - 01G,1,PIECE
3667193013544,COLLIER FSI20 COQUILLAGE - 3,8,PIECE
3667193013537,COLLIER FSI20 COQUILLAGE - 2,8,PIECE
3667193013520,COLLIER FSI20 COQUILLAGE - 1,8,PIECE
3667193013513,BRACELET FSI06 S FIMO COQUILLAGE - 01 TUBE (30cm),30,PIECE
3667193013506,BRACELET FSI06 S FIMO COQUILLAGE - 01 TUBE (40cm),40,PIECE
3667193013490,BRACELET FSI19 S COQUILLAGE NOIR ET BLANC	- 01 TUBE (40cm),36,PIECE
3667193013483,BRACELET FSI53 S FIMO OR -  01 TUBE (30cm),32,PIECE
3667193013476,BRACELET FSI53 S FIMO OR -  01 TUBE (40cm),40,PIECE
3667193013469,BRACELET FSI18 S COQUILLAGE DORÉ -  01 TUBE (30cm),28,PIECE
3667193013452,BRACELET FSI18 S COQUILLAGE DORÉ -  01 TUBE (40cm),36,PIECE
3667193013445,BRACELET FSI02 S FIMO PEARL -  01 TUBE (30cm),30,PIECE
3667193013438,BRACELET FSI02 S FIMO PEARL -  01 TUBE (40cm),40,PIECE
3667193013421,BRACELET FSI05 S FIMO COULEUR -  01 TUBE (30cm),45,PIECE
3667193013414,BRACELET FSI05 S FIMO COULEUR -  01 TUBE (40cm),60,PIECE
3667193013407,BRACELET FSI68 - 01 TUBE (30cm),32,PIECE
3667193013391,BRACELET FSI68 - 01 TUBE (40cm),40,PIECE
3667193013384,BRACELET FSI67 - 01 TUBE (30cm),32,PIECE
3667193013377,BRACELET FSI67 - 01 TUBE (40cm),40,PIECE
3667193013360,BRACELET MFSI14 - 16S,1,PIECE
3667193013353,BRACELET FSI60 S FIMO FLUO - 01 TUBE (30cm),32,PIECE
3667193013346,BRACELET MFSI14 - 16G,1,PIECE
3667193013339,BRACELET MFSI14 - 15S,1,PIECE
3667193013315,BRACELET MFSI14 - 15G,1,PIECE
3667193013308,BRACELET MFSI14 - 14S,1,PIECE
3667193013292,BRACELET MFSI14 - 14G,1,PIECE
3667193013285,BRACELET MFSI14 - 13S,1,PIECE
3667193013278,BRACELET MFSI14 - 13G,1,PIECE
3667193013261,BRACELET MFSI14 - 12S,1,PIECE
3667193013254,BRACELET MFSI14 - 12G,1,PIECE
3667193013247,BRACELET MFSI14 - 11S,1,PIECE
3667193013230,BRACELET MFSI14 - 11G,1,PIECE
3667193013223,BRACELET MFSI14 - 10S,1,PIECE
3667193013216,BRACELET MFSI14 - 10G,1,PIECE
3667193013209,BRACELET MFSI14 - 09S,1,PIECE
3667193013193,BRACELET MFSI14 - 09G,1,PIECE
3667193013186,BRACELET MFSI14 - 08S,1,PIECE
3667193013179,BRACELET MFSI14 - 08G,1,PIECE
3667193013162,BRACELET MFSI14 - 07S,1,PIECE
3667193013155,BRACELET MFSI14 - 07G,1,PIECE
3667193012820,BRACELET MFSI22 - 01 TUBE (40cm),40,PIECE
3667193012813,BRACELET MFSI21 - 01 TUBE (40cm),40,PIECE
3667193013148,BRACELET MFSI14 - 06S,1,PIECE
3667193013131,BRACELET MFSI14 - 06G,1,PIECE
3667193012806,BRACELET MFSI20 - 01 TUBE (40cm),40,PIECE
3667193013124,BRACELET MFSI14 - 05S,1,PIECE
3667193013117,BRACELET MFSI14 - 05G,1,PIECE
3667193012790,BRACELET MFSI19 - 01 TUBE (40cm),40,PIECE
3667193013100,BRACELET MFSI14 - 04S,1,PIECE
3667193013094,BRACELET MFSI16 - 01 TUBE (30cm),30,PIECE
3667193013087,BRACELET MFSI14 - 04G,1,PIECE
3667193013070,BRACELET MFSI16 - 01 TUBE (40cm),40,PIECE
3667193013063,BRACELET MFSI15 - 01 TUBE (30cm),30,PIECE
3667193013056,BRACELET MFSI14 - 03S,1,PIECE
3667193013049,BRACELET MFSI15 - 01 TUBE (40cm),40,PIECE
3667193013032,BRACELET MFSI14 - 01 TUBE (30cm),30,PIECE
3667193013025,BRACELET MFSI14 - 03G,1,PIECE
3667193013018,BRACELET MFSI14 - 01 TUBE (40cm),40,PIECE
3667193013001,BRACELET MFSI14 - 02S,1,PIECE
3667193012998,BRACELET MFSI13 - 01 TUBE (30cm),30,PIECE
3667193012981,BRACELET MFSI14 - 02G,1,PIECE
3667193012974,BRACELET MFSI13 - 01 TUBE (40cm),40,PIECE
3667193012967,BRACELET MFSI14 - 01S,1,PIECE
3667193012608,BRACELET MFSI12 (MARMOTTE) FLUO - 01 TUBE (30cm),30,PIECE
3667193012592,BRACELET MFSI12 (MARMOTTE) FLUO - 01 TUBE (40cm),40,PIECE
3667193012585,BRACELET MFSI11 (MARMOTTE) - 01 TUBE (30cm),30,PIECE
3667193012950,BRACELET MFSI14 - 01G,1,PIECE
3667193012578,BRACELET MFSI11 (MARMOTTE) - 01 TUBE (40cm),40,PIECE
3667193012561,BRACELET MFSI10 (CHAMOIS) - 01 TUBE (30cm),30,PIECE
3667193012554,BRACELET MFSI10 (CHAMOIS) - 01 TUBE (40cm),40,PIECE
3667193012547,BRACELET MFSI09 (CHAMOIS) - 01 TUBE (30cm),30,PIECE
3667193012530,BRACELET MFSI09 (CHAMOIS) - 01 TUBE (40cm),40,PIECE
3667193012523,BRACELET MFSI08 (EDELWEISS) - 01 TUBE (30cm),30,PIECE
3667193012516,BRACELET MFSI08 (EDELWEISS) - 01 TUBE (40cm),40,PIECE
3667193012509,BRACELET MFSI07 (EDELWEISS) - 01 TUBE (30cm),30,PIECE
3667193012493,BRACELET MFSI07 (EDELWEISS) - 01 TUBE (40cm),40,PIECE
3667193012486,BRACELET MFSI06 (MOUTON) FLUO - 01 TUBE (30cm),30,PIECE
3667193012479,BRACELET MFSI06 (MOUTON) FLUO - 01 TUBE (40cm),40,PIECE
3667193012462,BRACELET MFSI05 (MOUTON) - 01 TUBE (30cm),30,PIECE
3667193012295,BRACELET MS13 (LA PLAGNE) SIMPLE - 01 TUBE (30cm),30,PIECE
3667193012288,BRACELET MS13 (LA PLAGNE) SIMPLE - 01 TUBE (40cm),40,PIECE
3667193012257,BRACELET MS12 (FLOCON) SIMPLE - 01 TUBE (30cm),30,PIECE
3667193012240,BRACELET MS12 (FLOCON) SIMPLE - 01 TUBE (40cm),40,PIECE
3667193012219,BRACELET MS11 (MONTAGNE) SIMPLE - 01 TUBE (30cm),30,PIECE
3667193012202,BRACELET MS11 (MONTAGNE) SIMPLE - 01 TUBE (40cm),40,PIECE
3667193012158,BRACELET MS10 (MARMOTTE) SIMPLE - 01 TUBE (40cm),40,PIECE
3667193012127,BRACELET MS09 (MARMOTTE) TRESSE - 01 TUBE (40cm),40,PIECE
3667193012080,BRACELET MS08 (CHAMOIS) TRESSE - 01 TUBE (40cm),40,PIECE
3667193012042,BRACELET MS07 (CHAMOIS) SIMPLE - 01 TUBE (40cm),40,PIECE
3667193012011,BRACELET MS06 (ELDELWEISS) SIMPLE	 - 01 TUBE (40cm),40,PIECE
3667193011946,BRACELET MS05 (MOUTON) SIMPLE - 01 TUBE (40cm),40,PIECE
3667193011892,BRACELET MS04 (TRAIN) SIMPLE - 01 TUBE (40cm),40,PIECE
3667193011854,BRACELET MS03 (LOUP) TRESSE - 01 TUBE (40cm),40,PIECE
3667193011779,BRACELET MS02 (LOUP) SIMPLE - 01 TUBE (40cm),40,PIECE
3667193011748,BRACELET MS01 (CHIEN) SIMPLE - 01 TUBE (40cm),40,PIECE
3667193012943,BRACELET MFSI13 - 06S,1,PIECE
3667193012936,BRACELET MFSI13 - 06G,1,PIECE
3667193012929,BRACELET MFSI13 - 05S,1,PIECE
3667193012912,BRACELET MFSI13 - 05G,1,PIECE
3667193012905,BRACELET MFSI13 - 04S,1,PIECE
3667193012899,BRACELET MFSI13 - 04G,1,PIECE
3667193012882,BRACELET MFSI13 - 03S,1,PIECE
3667193012875,BRACELET MFSI13 - 03G,1,PIECE
3667193012868,BRACELET MFSI13 - 02S,1,PIECE
3667193012851,BRACELET MFSI13 - 02G,1,PIECE
3667193012844,BRACELET MFSI13 - 01S,1,PIECE
3667193012837,BRACELET MFSI13 - 01G,1,PIECE
3667193012783,BRACELET MFSI18 -  Tube Chic 30 cm,30,PIECE
3667193012776,BRACELET MFSI17 (LA PLAGNE) - Tube Chic 30 cm,30,PIECE
3667193012769,BRACELET MFSI12 (MARMOTTE) FLUO - 08S,1,PIECE
3667193012752,BRACELET MFSI12 (MARMOTTE) FLUO - 08G,1,PIECE
3667193012745,BRACELET MFSI12 (MARMOTTE) FLUO - 07S,1,PIECE
3667193012738,BRACELET MFSI12 (MARMOTTE) FLUO - 07G,1,PIECE
3667193012721,BRACELET MFSI12 (MARMOTTE) FLUO - 06S,1,PIECE
3667193012714,BRACELET MFSI12 (MARMOTTE) FLUO - 05G,1,PIECE
3667193012707,BRACELET MFSI12 (MARMOTTE) FLUO - 05S,1,PIECE
3667193012691,BRACELET MFSI12 (MARMOTTE) FLUO - 05G,1,PIECE
3667193012684,BRACELET MFSI12 (MARMOTTE) FLUO - 04S,1,PIECE
3667193012677,BRACELET MFSI12 (MARMOTTE) FLUO - 04G,1,PIECE
3667193012660,BRACELET MFSI12 (MARMOTTE) FLUO - 03S,1,PIECE
3667193012653,BRACELET MFSI12 (MARMOTTE) FLUO - 03G,1,PIECE
3667193012646,BRACELET MFSI12 (MARMOTTE) FLUO - 02S,1,PIECE
3667193012639,BRACELET MFSI12 (MARMOTTE) FLUO - 02G,1,PIECE
3667193012622,BRACELET MFSI12 (MARMOTTE) FLUO - 01S,1,PIECE
3667193012615,BRACELET MFSI12 (MARMOTTE) FLUO - 01G,1,PIECE
3667193012394,BRACELET MFSI11 (MARMOTTE) - 10S,1,PIECE
3667193012363,BRACELET MFSI11 (MARMOTTE) - 10G,1,PIECE
3667193012349,BRACELET MFSI11 (MARMOTTE) - 09S,1,PIECE
3667193012332,BRACELET MFSI11 (MARMOTTE) - 09G,1,PIECE
3667193012325,BRACELET MFSI11 (MARMOTTE) - 08S,1,PIECE
3667193012318,BRACELET MS14 (LA PLAGNE) FLUO	 - 01 TUBE (30cm),10,PIECE
3667193012301,BRACELET MS14 (LA PLAGNE) FLUO	 - 01 TUBE (40cm),20,PIECE
3667193012271,BRACELET MFSI11 (MARMOTTE) - 08G,1,PIECE
3667193012264,BRACELET MFSI11 (MARMOTTE) - 07S,1,PIECE
3667193012233,BRACELET MFSI11 (MARMOTTE) - 07G,1,PIECE
3667193012226,BRACELET MFSI11 (MARMOTTE) - 06S,1,PIECE
3667193012196,BRACELET MFSI11 (MARMOTTE) - 06G,1,PIECE
3667193012189,BRACELET MFSI11 (MARMOTTE) - 05S,1,PIECE
3667193012172,BRACELET MFSI05 (MOUTON) - 09S,1,PIECE
3667193012165,BRACELET MS10 (MARMOTTE) SIMPLE - 01 TUBE (30cm),30,PIECE
3667193012141,BRACELET MFSI11 (MARMOTTE) - 05G,1,PIECE
3667193012134,BRACELET MS09 (MARMOTTE) TRESSE - 01 TUBE (30cm),30,PIECE
3667193012110,BRACELET MFSI11 (MARMOTTE) - 04S,1,PIECE
3667193012103,BRACELET MFSI11 (MARMOTTE) - 04G,1,PIECE
3667193012097,BRACELET MS08 (CHAMOIS) TRESSE - 01 TUBE (30cm),30,PIECE
3667193012073,BRACELET MFSI11 (MARMOTTE) - 03S,1,PIECE
3667193012066,BRACELET MS07 (CHAMOIS) SIMPLE - 01 TUBE (30cm),30,PIECE
3667193012059,BRACELET MFSI11 (MARMOTTE) - 03G,1,PIECE
3667193012035,BRACELET MFSI11 (MARMOTTE) - 02S,1,PIECE
3667193012028,BRACELET MS06 (ELDELWEISS) SIMPLE	 - 01 TUBE (30cm),30,PIECE
3667193012004,BRACELET MFSI11 (MARMOTTE) - 02G,1,PIECE
3667193011991,BRACELET MFSI11 (MARMOTTE) - 01S,1,PIECE
3667193011984,BRACELET MFSI05 (MOUTON)-10S,1,PIECE
3667193011977,BRACELET MS05 (MOUTON) SIMPLE - 01 TUBE (30cm),30,PIECE
3667193011960,BRACELET MFSI11 (MARMOTTE) - 01G,1,PIECE
3667193011953,BRACELET MFSI05 (MOUTON) - 10G,1,PIECE
3667193011939,BRACELET MFSI05 (MOUTON) - 09G,1,PIECE
3667193011922,BRACELET MFSI05 (MOUTON) - 08S,1,PIECE
3667193011915,BRACELET MS04 (TRAIN) SIMPLE - 01 TUBE (30cm),30,PIECE
3667193011908,BRACELET MFSI05 (MOUTON) - 08G,1,PIECE
3667193011885,BRACELET MFSI05 (MOUTON) - 07S,1,PIECE
3667193011878,BRACELET MS03 (LOUP) TRESSE - 01 TUBE (30cm),30,PIECE
3667193011861,BRACELET MFSI05 (MOUTON) - 07G,1,PIECE
3667193011847,BRACELET MFSI05 (MOUTON) - 06S,1,PIECE
3667193011830,BRACELET MFSI05 (MOUTON) - 06G,1,PIECE
3667193011823,BRACELET MFSI05 (MOUTON) - 05S,1,PIECE
3667193011816,BRACELET MFSI05 (MOUTON) - 05G,1,PIECE
3667193011809,BRACELET MFSI05 (MOUTON) - 04S,1,PIECE
3667193011793,BRACELET MFSI05 (MOUTON) - 04G,1,PIECE
3667193011786,BRACELET MS02 (LOUP) SIMPLE - 01 TUBE (30cm),30,PIECE
3667193011762,BRACELET MFSI05 (MOUTON) - 03S,1,PIECE
3667193011755,BRACELET MS01 (CHIEN) SIMPLE - 01 TUBE (30cm),30,PIECE
3667193011731,BRACELET MFSI05 (MOUTON) - 03G,1,PIECE
3667193011724,BRACELET MFSI05 (MOUTON) - 02S,1,PIECE
3667193011717,BRACELET MFSI05 (MOUTON) - 02G,1,PIECE
3667193011700,BRACELET MFSI05 (MOUTON) - 01S,1,PIECE
3667193011694,BRACELET MFSI05 (MOUTON) - 01G,1,PIECE
3667193011687,BRACELET FSI19 S COQUILLAGE NOIR ET BLANC - 2,1,PIECE
3667193011670,BRACELET FSI19 S COQUILLAGE NOIR ET BLANC - 1,1,PIECE
3667193011663,BRACELET MFSI09 (CHAMOIS) - 08S,1,PIECE
3667193011656,BRACELET MFSI09 (CHAMOIS) - 08G,1,PIECE
3667193011649,JL01-3,1,PIECE
3667193011632,BRACELET MFSI09 (CHAMOIS) - 07S,1,PIECE
3667193011625,JL01-2,1,PIECE
3667193011618,BRACELET MFSI09 (CHAMOIS) - 07G,1,PIECE
3667193011601,BRACELET MFSI09 (CHAMOIS) - 06S,1,PIECE
3667193011595,BRACELET MFSI09 (CHAMOIS) - 06G,1,PIECE
3667193011588,JL01-1,1,PIECE
3667193011571,BRACELET MFSI09 (CHAMOIS) - 05S,1,PIECE
3667193011564,BRACELET MFSI09 (CHAMOIS) - 05G,1,PIECE
3667193011557,JL02-3,1,PIECE
3667193011540,BRACELET MFSI09 (CHAMOIS) - 04S,1,PIECE
3667193011533,BRACELET MFSI09 CHAMOIS) - 04G,1,PIECE
3667193011526,JL02-1,1,PIECE
3667193011519,BRACELET MFSI09 (CHAMOIS) - 03S,1,PIECE
3667193011502,JL02-2,1,PIECE
3667193011496,BRACELET MFSI09 (CHAMOIS) - 03G,1,PIECE
3667193011489,BRACELET MFSI09 (CHAMOIS) - 02S,1,PIECE
3667193011472,BRACELET MFSI09 (CHAMOIS) - 02G,1,PIECE
3667193011465,BRACELET MFSI09 (CHAMOIS) - 01S,1,PIECE
3667193011458,BRACELET MFSI09 (CHAMOIS) - 01G,1,PIECE
3667193011441,COLLIER FSI20 COQUILLAGE - 4 (Blue),1,PIECE
3667193011434,COLLIER FSI20 COQUILLAGE - 3,1,PIECE
3667193011427,COLLIER FSI20 COQUILLAGE - 2,1,PIECE
3667193011410,COLLIER FSI20 COQUILLAGE - 1,1,PIECE
3667193011403,BRACELET MFSI08 (EDELWEISS) - 06S,1,PIECE
3667193011397,BRACELET MFSI08 (EDELWEISS) - 06G,1,PIECE
3667193011380,BRACELET MFSI08 (EDELWEISS) - 05S,1,PIECE
3667193011373,BRACELET MFSI08 (EDELWEISS) - 05G,1,PIECE
3667193011366,BRACELET FSI01 S COQUILLAGE COULEUR - 10,1,PIECE
3667193011359,BRACELET MFSI08 (EDELWEISS) - 04S,1,PIECE
3667193011342,BRACELET FSI01 S COQUILLAGE COULEUR - 09,1,PIECE
3667193011335,BRACELET MFSI08 (EDELWEISS) - 04G,1,PIECE
3667193011328,BRACELET FSI01 S COQUILLAGE COULEUR - 08,1,PIECE
3667193011311,BRACELET FSI01 S COQUILLAGE COULEUR - 07,1,PIECE
3667193011304,BRACELET FSI01 S COQUILLAGE COULEUR - 06,1,PIECE
3667193011298,BRACELET MFSI08 (EDELWEISS) - 03S,1,PIECE
3667193011281,BRACELET FSI01 S COQUILLAGE COULEUR - 05,1,PIECE
3667193011274,BRACELET FSI01 S COQUILLAGE COULEUR - 04,1,PIECE
3667193011267,BRACELET FSI01 S COQUILLAGE COULEUR - 03,1,PIECE
3667193011250,BRACELET MFSI08 (EDELWEISS) - 03G,1,PIECE
3667193011243,BRACELET FSI01 S COQUILLAGE COULEUR - 02,1,PIECE
3667193011236,BRACELET FSI01 S COQUILLAGE COULEUR - 01,1,PIECE
3667193011229,BRACELET MFSI08 (EDELWEISS) - 02S,1,PIECE
3667193011212,BRACELET MFSI08 (EDELWEISS) - 02G,1,PIECE
3667193011205,BRACELET MFSI08 (EDELWEISS) - 01S,1,PIECE
3667193011199,BRACELET MFSI08 (EDELWEISS) - 01G,1,PIECE
3667193011182,BRACELET A VOEUX L'ORIGINAL - BV55 - 5 Crochets 100,100,PIECE
3667193011175,BRACELET A VOEUX L'ORIGINAL - BV55 - 1 Crochet 20,20,PIECE
3667193011168,BRACELET A VOEUX L'ORIGINAL - BV55,1,PIECE
3667193011151,BRACELET A VOEUX L'ORIGINAL - BV74 - 5 Crochets 100,100,PIECE
3667193011144,BRACELET A VOEUX L'ORIGINAL - BV74 - 1 Crochet 20,20,PIECE
3667193011137,BRACELET A VOEUX L'ORIGINAL - BV74,1,PIECE
3667193011120,BRACELET A VOEUX L'ORIGINAL - BV84 - 5 Crochets 100,100,PIECE
3667193011113,BRACELET A VOEUX L'ORIGINAL - BV84 - 1 Crochet 20,20,PIECE
3667193011106,BRACELET A VOEUX L'ORIGINAL - BV84,1,PIECE
3667193011090,BRACELET A VOEUX L'ORIGINAL - BV02 - 5 Crochets 100,100,PIECE
3667193011083,BRACELET A VOEUX L'ORIGINAL - BV02 - 1 Crochet 20,20,PIECE
3667193011076,BRACELET A VOEUX L'ORIGINAL - BV02,1,PIECE
3667193011069,BRACELET A VOEUX L'ORIGINAL - BV11 - 5 Crochets 100,100,PIECE
3667193011052,BRACELET A VOEUX L'ORIGINAL - BV11 - 1 Crochet 20,20,PIECE
3667193011045,BRACELET A VOEUX L'ORIGINAL - BV11,1,PIECE
3667193011038,BRACELET A VOEUX L'ORIGINAL - BV10 - 5 Crochets 100,100,PIECE
3667193011021,BRACELET A VOEUX L'ORIGINAL - BV10 - 1 Crochet 20,20,PIECE
3667193011014,BRACELET A VOEUX L'ORIGINAL - BV10,1,PIECE
3667193011007,BRACELET A VOEUX L'ORIGINAL - BV09 - 5 Crochets 100,100,PIECE
3667193010994,BRACELET A VOEUX L'ORIGINAL - BV09 - 1 Crochet 20,20,PIECE
3667193010987,BRACELET A VOEUX L'ORIGINAL - BV09,1,PIECE
3667193010970,BRACELET A VOEUX L'ORIGINAL - BV08 - 5 Crochets 100,100,PIECE
3667193010963,BRACELET A VOEUX L'ORIGINAL - BV08 - 1 Crochet 20,20,PIECE
3667193010956,BRACELET A VOEUX L'ORIGINAL - BV08,1,PIECE
3667193010949,BRACELET A VOEUX L'ORIGINAL - BV07 - 5 Crochets 100,100,PIECE
3667193010932,BRACELET A VOEUX L'ORIGINAL - BV07 - 1 Crochet 20,20,PIECE
3667193010925,BRACELET A VOEUX L'ORIGINAL - BV07,1,PIECE
3667193010918,BRACELET A VOEUX L'ORIGINAL - BV06 - 5 Crochets 100,100,PIECE
3667193010901,BRACELET A VOEUX L'ORIGINAL - BV06 - 1 Crochet 20,20,PIECE
3667193010895,BRACELET A VOEUX L'ORIGINAL - BV06,1,PIECE
3667193010888,BRACELET A VOEUX L'ORIGINAL - BV05 - 5 Crochets 100,100,PIECE
3667193010871,BRACELET A VOEUX L'ORIGINAL - BV05 - 1 Crochet 20,20,PIECE
3667193010864,BRACELET A VOEUX L'ORIGINAL - BV05,1,PIECE
3667193010857,BRACELET A VOEUX L'ORIGINAL - BV04 - 5 Crochets 100,100,PIECE
3667193010840,BRACELET A VOEUX L'ORIGINAL - BV04 - 1 Crochet 20,20,PIECE
3667193010833,BRACELET A VOEUX L'ORIGINAL - BV04,1,PIECE
3667193010826,BRACELET A VOEUX L'ORIGINAL - BV03 - 5 Crochets 100,100,PIECE
3667193010819,BRACELET A VOEUX L'ORIGINAL - BV03 - 1 Crochet 20,20,PIECE
3667193010802,BRACELET A VOEUX L'ORIGINAL - BV03,1,PIECE
3667193010796,BRACELET A VOEUX L'ORIGINAL - BV34 - 5 Crochets 100,100,PIECE
3667193010789,BRACELET A VOEUX L'ORIGINAL - BV34 - 1 Crochet 20,20,PIECE
3667193010772,BRACELET A VOEUX L'ORIGINAL - BV34,1,PIECE
3667193010765,BRACELET A VOEUX L'ORIGINAL - BV86 - 5 Crochets 100,100,PIECE
3667193010758,BRACELET A VOEUX L'ORIGINAL - BV86 - 1 Crochet 20,20,PIECE
3667193010741,BRACELET A VOEUX L'ORIGINAL - BV86,1,PIECE
3667193010734,BRACELET MFSI04 (TRAIN) - 10S,1,PIECE
3667193010727,BRACELET A VOEUX L'ORIGINAL - BV85 - 5 Crochets 100,100,PIECE
3667193010710,BRACELET A VOEUX L'ORIGINAL - BV85 - 1 Crochet 20,20,PIECE
3667193010703,BRACELET MFSI04 (TRAIN) - 10G,1,PIECE
3667193010697,BRACELET A VOEUX L'ORIGINAL - BV85,1,PIECE
3667193010680,BRACELET MFSI04 (TRAIN) - 09S,1,PIECE
3667193010673,BRACELET A VOEUX L'ORIGINAL - BV83 - 5 Crochets 100,100,PIECE
3667193010666,BRACELET MFSI04 (TRAIN) - 09G,1,PIECE
3667193010659,BRACELET A VOEUX L'ORIGINAL - BV83 - 1 Crochet 20,20,PIECE
3667193010642,BRACELET A VOEUX L'ORIGINAL - BV83,1,PIECE
3667193010635,BRACELET MFSI04 (TRAIN) - 08S,1,PIECE
3667193010628,BRACELET MFSI04 (TRAIN) - 08G,1,PIECE
3667193010611,BRACELET MFSI04 (TRAIN) - 07S,1,PIECE
3667193010604,BRACELET A VOEUX L'ORIGINAL - BV82 - 5 Crochets 100,100,PIECE
3667193010598,BRACELET A VOEUX L'ORIGINAL - BV82 - 1 Crochet 20,20,PIECE
3667193010581,BRACELET MFSI04 (TRAIN) - 07G,1,PIECE
3667193010574,BRACELET A VOEUX L'ORIGINAL - BV82,1,PIECE
3667193010567,BRACELET MFSI04 (TRAIN) - 06S,1,PIECE
3667193010550,BRACELET A VOEUX L'ORIGINAL - BV81 - 5 Crochets 100,100,PIECE
3667193010543,BRACELET A VOEUX L'ORIGINAL - BV81 - 1 Crochet 20,20,PIECE
3667193010536,BRACELET A VOEUX L'ORIGINAL - BV81,1,PIECE
3667193010529,BRACELET A VOEUX L'ORIGINAL - BV78 - 5 Crochets 100,100,PIECE
3667193010512,BRACELET MFSI04 (TRAIN) - 06G,1,PIECE
3667193010505,BRACELET A VOEUX L'ORIGINAL - BV78 - 1 Crochet 20,20,PIECE
3667193010499,BRACELET MFSI04 (TRAIN) - 05S,1,PIECE
3667193010482,BRACELET A VOEUX L'ORIGINAL - BV78,1,PIECE
3667193010475,BRACELET MFSI04 (TRAIN) - 05G,1,PIECE
3667193010468,BRACELET A VOEUX L'ORIGINAL - BV80 - 5 Crochets 100,100,PIECE
3667193010451,BRACELET MFSI04 (TRAIN) - 04S,1,PIECE
3667193010444,BRACELET A VOEUX L'ORIGINAL - BV80 - 1 Crochet 20,20,PIECE
3667193010437,BRACELET A VOEUX L'ORIGINAL - BV80,1,PIECE
3667193010420,BRACELET MFSI04 (TRAIN) - 04G,1,PIECE
3667193010413,BRACELET A VOEUX L'ORIGINAL - BV79 - 5 Crochets 100,100,PIECE
3667193010406,BRACELET MFSI04 (TRAIN) - 03S,1,PIECE
3667193010390,BRACELET A VOEUX L'ORIGINAL - BV79 - 1 Crochet 20,20,PIECE
3667193010383,BRACELET A VOEUX L'ORIGINAL - BV79,1,PIECE
3667193010376,BRACELET MFSI04 (TRAIN) - 03G,1,PIECE
3667193010369,BRACELET A VOEUX L'ORIGINAL - BV77 - 5 Crochets 100,100,PIECE
3667193010352,BRACELET A VOEUX L'ORIGINAL - BV77 - 1 Crochet 20,20,PIECE
3667193010345,BRACELET MFSI04 (TRAIN) - 02S,1,PIECE
3667193010338,BRACELET A VOEUX L'ORIGINAL - BV77,1,PIECE
3667193010321,BRACELET A VOEUX L'ORIGINAL - BV76 - 5 Crochets 100,100,PIECE
3667193010314,BRACELET MFSI04 (TRAIN) - 02G,1,PIECE
3667193010307,BRACELET A VOEUX L'ORIGINAL - BV76 - 1 Crochet 20,20,PIECE
3667193010291,BRACELET MFSI04 (TRAIN) - 01S,1,PIECE
3667193010284,BRACELET A VOEUX L'ORIGINAL - BV76,1,PIECE
3667193010277,BRACELET A VOEUX L'ORIGINAL - BV75 - 5 Crochets 100,100,PIECE
3667193010260,BRACELET MFSI04 (TRAIN) - 01G,1,PIECE
3667193010253,BRACELET A VOEUX L'ORIGINAL - BV75 - 1 Crochet 20,20,PIECE
3667193010246,BRACELET A VOEUX L'ORIGINAL - BV75,1,PIECE
3667193010239,BRACELET MFSI07 (EDELWEISS)-08S,1,PIECE
3667193010222,BRACELET A VOEUX L'ORIGINAL - BV72 - 5 Crochets 100,100,PIECE
3667193010215,BRACELET MFSI07 (EDELWEISS)-08G,1,PIECE
3667193010208,BRACELET A VOEUX L'ORIGINAL - BV72 - 1 Crochet 20,20,PIECE
3667193010192,BRACELET MFSI07 (EDELWEISS)-07S,1,PIECE
3667193010185,BRACELET A VOEUX L'ORIGINAL - BV72,1,PIECE
3667193010178,BRACELET MFSI07 (EDELWEISS)-07G,1,PIECE
3667193010161,BRACELET A VOEUX L'ORIGINAL - BV73 - 5 Crochets 100,100,PIECE
3667193010154,BRACELET MFSI07 (EDELWEISS)-06S,1,PIECE
3667193010147,BRACELET A VOEUX L'ORIGINAL - BV73 - 1 Crochet 20,20,PIECE
3667193010130,BRACELET MFSI07 (EDELWEISS)-06G,1,PIECE
3667193010123,BRACELET A VOEUX L'ORIGINAL - BV73,1,PIECE
3667193010116,BRACELET MFSI07 (EDELWEISS)-05S,1,PIECE
3667193010109,BRACELET MFSI07 (EDELWEISS)-05G,1,PIECE
3667193010093,BRACELET A VOEUX L'ORIGINAL - BV71 - 5 Crochets 100,100,PIECE
3667193010086,BRACELET A VOEUX L'ORIGINAL - BV71 - 1 Crochet 20,20,PIECE
3667193010079,BRACELET MFSI07 (EDELWEISS)-04S,1,PIECE
3667193010062,BRACELET A VOEUX L'ORIGINAL - BV71,1,PIECE
3667193010055,BRACELET MFSI07 (EDELWEISS)-04G,1,PIECE
3667193010048,BRACELET A VOEUX L'ORIGINAL - BV68 - 5 Crochets 100,100,PIECE
3667193010031,BRACELET MFSI07 (EDELWEISS)-03S,1,PIECE
3667193010024,BRACELET A VOEUX L'ORIGINAL - BV68 - 1 Crochet 20,20,PIECE
3667193010017,BRACELET MFSI07 (EDELWEISS)-03G,1,PIECE
3667193010000,BRACELET A VOEUX L'ORIGINAL - BV68,1,PIECE
3667193009998,BRACELET MFSI07 (EDELWEISS)-02S,1,PIECE
3667193009981,BRACELET A VOEUX L'ORIGINAL - BV70 - 5 Crochets 100,100,PIECE
3667193009974,BRACELET A VOEUX L'ORIGINAL - BV70 - 1 Crochet 20,20,PIECE
3667193009967,BRACELET MFSI07 (EDELWEISS)-02G,1,PIECE
3667193009950,BRACELET A VOEUX L'ORIGINAL - BV70,1,PIECE
3667193009943,BRACELET A VOEUX L'ORIGINAL - BV69 - 5 Crochets 100,100,PIECE
3667193009936,BRACELET A VOEUX L'ORIGINAL - BV69 - 1 Crochet 20,20,PIECE
3667193009929,BRACELET A VOEUX L'ORIGINAL - BV69,1,PIECE
3667193009912,BRACELET MFSI07 (EDELWEISS)-01S,1,PIECE
3667193009905,BRACELET A VOEUX L'ORIGINAL - BV67 - 5 Crochets 100,100,PIECE
3667193009899,BRACELET MFSI07 (EDELWEISS)-01G,1,PIECE
3667193009882,BRACELET A VOEUX L'ORIGINAL - BV67 - 1 Crochet 20,20,PIECE
3667193009875,BRACELET A VOEUX L'ORIGINAL - BV67,1,PIECE
3667193009868,BRACELET A VOEUX L'ORIGINAL - BV66 - 5 Crochets 100,100,PIECE
3667193009851,BRACELET A VOEUX L'ORIGINAL - BV66 - 1 Crochet 20,20,PIECE
3667193009844,BRACELET A VOEUX L'ORIGINAL - BV66,1,PIECE
3667193009837,BRACELET A VOEUX L'ORIGINAL - BV65 - 5 Crochets 100,100,PIECE
3667193009820,BRACELET A VOEUX L'ORIGINAL - BV65 - 1 Crochet 20,20,PIECE
3667193009813,BRACELET A VOEUX L'ORIGINAL - BV65,1,PIECE
3667193009806,BRACELET A VOEUX L'ORIGINAL - BV64 - 5 Crochets 100,100,PIECE
3667193009790,BRACELET A VOEUX L'ORIGINAL - BV64 - 1 Crochet 20,20,PIECE
3667193009783,BRACELET A VOEUX L'ORIGINAL - BV64,1,PIECE
3667193009776,BRACELET A VOEUX L'ORIGINAL - BV63 - 5 Crochets 100,100,PIECE
3667193009769,BRACELET A VOEUX L'ORIGINAL - BV63 - 1 Crochet 20,20,PIECE
3667193009752,BRACELET A VOEUX L'ORIGINAL - BV63,1,PIECE
3667193009745,BRACELET A VOEUX L'ORIGINAL - BV62 - 5 Crochets 100,100,PIECE
3667193009738,BRACELET A VOEUX L'ORIGINAL - BV62 - 1 Crochet 20,20,PIECE
3667193009721,BRACELET A VOEUX L'ORIGINAL - BV62,1,PIECE
3667193009714,BRACELET A VOEUX L'ORIGINAL - BV61 - 5 Crochets 100,100,PIECE
3667193009707,BRACELET A VOEUX L'ORIGINAL - BV61 - 1 Crochet 20,20,PIECE
3667193009691,BRACELET A VOEUX L'ORIGINAL - BV61,1,PIECE
3667193009684,BRACELET A VOEUX L'ORIGINAL - BV60 - 5 Crochets 100,100,PIECE
3667193009677,BRACELET A VOEUX L'ORIGINAL - BV60 - 1 Crochet 20,20,PIECE
3667193009660,BRACELET A VOEUX L'ORIGINAL - BV60,1,PIECE
3667193009653,BRACELET A VOEUX L'ORIGINAL - BV59 - 5 Crochets 100,100,PIECE
3667193009646,BRACELET A VOEUX L'ORIGINAL - BV59 - 1 Crochet 20,20,PIECE
3667193009639,BRACELET A VOEUX L'ORIGINAL - BV59,1,PIECE
3667193009622,BRACELET A VOEUX L'ORIGINAL - BV58 - 5 Crochets 100,100,PIECE
3667193009615,BRACELET A VOEUX L'ORIGINAL - BV58 - 1 Crochet 20,20,PIECE
3667193009608,BRACELET A VOEUX L'ORIGINAL - BV58,1,PIECE
3667193009592,BRACELET A VOEUX L'ORIGINAL - BV57 - 5 Crochets 100,100,PIECE
3667193009585,BRACELET A VOEUX L'ORIGINAL - BV57 - 1 Crochet 20,20,PIECE
3667193009578,BRACELET A VOEUX L'ORIGINAL - BV57,1,PIECE
3667193009561,BRACELET A VOEUX L'ORIGINAL - BV56 - 5 Crochets 100,100,PIECE
3667193009554,BRACELET A VOEUX L'ORIGINAL - BV56 - 1 Crochet 20,20,PIECE
3667193009547,BRACELET A VOEUX L'ORIGINAL - BV56,1,PIECE
3667193009530,BRACELET A VOEUX L'ORIGINAL - BV54 - 5 Crochets 100,100,PIECE
3667193009523,BRACELET A VOEUX L'ORIGINAL - BV54 - 1 Crochet 20,20,PIECE
3667193009516,BRACELET A VOEUX L'ORIGINAL - BV54,1,PIECE
3667193009509,BRACELET MFSI03 (LOUP)-08S,1,PIECE
3667193009493,BRACELET A VOEUX L'ORIGINAL - BV53 - 5 Crochets 100,100,PIECE
3667193009486,BRACELET A VOEUX L'ORIGINAL - BV53 - 1 Crochet 20,20,PIECE
3667193009479,BRACELET A VOEUX L'ORIGINAL - BV53,1,PIECE
3667193009462,BRACELET MFSI03 (LOUP)-08G,1,PIECE
3667193009455,BRACELET A VOEUX L'ORIGINAL - BV52 - 5 Crochets 100,100,PIECE
3667193009448,BRACELET A VOEUX L'ORIGINAL - BV52 - 1 Crochet 20,20,PIECE
3667193009431,BRACELET MFSI03 (LOUP) - 07S,1,PIECE
3667193009424,BRACELET MFSI01 (CHIEN) - 16S,1,PIECE
3667193009417,BRACELET A VOEUX L'ORIGINAL - BV52,1,PIECE
3667193009400,BRACELET MFSI01 (CHIEN) - 16G,1,PIECE
3667193009394,BRACELET MFSI03 (LOUP) - 07G,1,PIECE
3667193009387,BRACELET A VOEUX L'ORIGINAL - BV51 - 5 Crochets 100,100,PIECE
3667193009370,BRACELET MFSI01 (CHIEN) - 15S,1,PIECE
3667193009363,BRACELET A VOEUX L'ORIGINAL - BV51 - 1 Crochet 20,20,PIECE
3667193009356,BRACELET MFSI03 (LOUP) - 06S,1,PIECE
3667193009349,BRACELET MFSI01 (CHIEN) - 15G,1,PIECE
3667193009332,BRACELET A VOEUX L'ORIGINAL - BV51,1,PIECE
3667193009325,BRACELET MFSI01 (CHIEN) - 14S,1,PIECE
3667193009318,BRACELET A VOEUX L'ORIGINAL - BV50 - 5 Crochets 100,100,PIECE
3667193009301,BRACELET MFSI03 (LOUP) - 06G,1,PIECE
3667193009295,BRACELET MFSI01 (CHIEN) - 14G,1,PIECE
3667193009288,BRACELET A VOEUX L'ORIGINAL - BV50 - 1 Crochet 20,20,PIECE
3667193009271,BRACELET MFSI01 (CHIEN) - 13S,1,PIECE
3667193009264,BRACELET A VOEUX L'ORIGINAL - BV50,1,PIECE
3667193009257,BRACELET MFSI01 (CHIEN) - 13G,1,PIECE
3667193009240,BRACELET MFSI06 (MOUTON) FLUO - 08S,1,PIECE
3667193009233,BRACELET MFSI01 (CHIEN) - 12S,1,PIECE
3667193009226,BRACELET A VOEUX L'ORIGINAL - BV49 - 5 Crochets 100,100,PIECE
3667193009219,BRACELET MFSI06 (MOUTON) FLUO - 08G,1,PIECE
3667193009202,BRACELET A VOEUX L'ORIGINAL - BV49 - 1 Crochet 20,20,PIECE
3667193009196,BRACELET MFSI01 (CHIEN) - 12G,1,PIECE
3667193009189,BRACELET MFSI06 (MOUTON) FLUO - 07S,1,PIECE
3667193009172,BRACELET A VOEUX L'ORIGINAL - BV49,1,PIECE
3667193009165,BRACELET MFSI01 (CHIEN) - 11S,1,PIECE
3667193009158,BRACELET MFSI06 (MOUTON) FLUO - 07G,1,PIECE
3667193009141,BRACELET MFSI01 (CHIEN) - 11G,1,PIECE
3667193009134,BRACELET A VOEUX L'ORIGINAL - BV48 - 5 Crochets 100,100,PIECE
3667193009127,BRACELET MFSI06 (MOUTON) FLUO - 06S,1,PIECE
3667193009110,BRACELET MFSI01 (CHIEN) - 10S,1,PIECE
3667193009103,BRACELET MFSI06 (MOUTON) FLUO - 06G,1,PIECE
3667193009097,BRACELET MFSI01 (CHIEN) - 10G,1,PIECE
3667193009080,BRACELET MFSI06 (MOUTON) FLUO - 05S,1,PIECE
3667193009073,BRACELET MFSI06 (MOUTON) FLUO - 05G,1,PIECE
3667193009066,BRACELET MFSI01 (CHIEN) - 09S,1,PIECE
3667193009059,BRACELET MFSI03 (LOUP) - 05S,1,PIECE
3667193009028,BRACELET MFSI01 (CHIEN) - 09G,1,PIECE
3667193009042,BRACELET A VOEUX L'ORIGINAL - BV48 - 1 Crochet 20,20,PIECE
3667193009035,BRACELET MFSI06 (MOUTON) FLUO - 04S,1,PIECE
3667193009011,BRACELET A VOEUX L'ORIGINAL - BV48,1,PIECE
3667193009004,BRACELET MFSI06 (MOUTON) FLUO - 04G,1,PIECE
3667193008991,BRACELET MFSI03 (LOUP) - 05G,1,PIECE
3667193008984,BRACELET MFSI01 (CHIEN) - 08S,1,PIECE
3667193008977,BRACELET A VOEUX L'ORIGINAL - BV47 - 5 Crochets 100,100,PIECE
3667193008960,BRACELET MFSI06 (MOUTON) FLUO - 03S,1,PIECE
3667193008953,BRACELET A VOEUX L'ORIGINAL - BV47 - 1 Crochet 20,20,PIECE
3667193008946,BRACELET MFSI01 (CHIEN) - 08G,1,PIECE
3667193008939,BRACELET MFSI03 (LOUP) - 04S,1,PIECE
3667193008922,BRACELET A VOEUX L'ORIGINAL - BV47,1,PIECE
3667193008915,BRACELET MFSI01 (CHIEN) - 07S,1,PIECE
3667193008908,BRACELET MFSI06 (MOUTON) FLUO-03G,1,PIECE
3667193008892,BRACELET A VOEUX L'ORIGINAL - BV46 - 5 Crochets 100,100,PIECE
3667193008885,BRACELET MFSI01 (CHIEN) - 07G,1,PIECE
3667193008878,BRACELET MFSI03 (LOUP) - 04G,1,PIECE
3667193008861,BRACELET MFSI06 (MOUTON) FLUO - 02S,1,PIECE
3667193008854,BRACELET A VOEUX L'ORIGINAL - BV46 - 1 Crochet 20,20,PIECE
3667193008847,BRACELET MFSI01 (CHIEN) - 06S,1,PIECE
3667193008830,BRACELET A VOEUX L'ORIGINAL - BV46,1,PIECE
3667193008823,BRACELET MFSI06 (MOUTON) FLUO - 02G,1,PIECE
3667193008816,BRACELET MFSI01 (CHIEN)- 06G,1,PIECE
3667193008809,BRACELET A VOEUX L'ORIGINAL - BV45 - 5 Crochets 100,100,PIECE
3667193008793,BRACELET MFSI01 (CHIEN) - 05S,1,PIECE
3667193008786,BRACELET A VOEUX L'ORIGINAL - BV45 - 1 Crochet 20,20,PIECE
3667193008779,BRACELET MFSI03 (LOUP) - 03S,1,PIECE
3667193008762,BRACELET MFSI06 (MOUTON) FLUO - 01S,1,PIECE
3667193008755,BRACELET A VOEUX L'ORIGINAL - BV45,1,PIECE
3667193008748,BRACELET MFSI01 (CHIEN) - 05G,1,PIECE
3667193008731,BRACELET MFSI03 (LOUP) - 03G,1,PIECE
3667193008724,BRACELET MFSI06 (MOUTON) FLUO - 01G,1,PIECE
3667193008717,BRACELET A VOEUX L'ORIGINAL - BV44 - 5 Crochets 100,100,PIECE
3667193008700,BRACELET MFSI01 (CHIEN) - 04S,1,PIECE
3667193008694,BRACELET A VOEUX L'ORIGINAL - BV44 - 1 Crochet 20,20,PIECE
3667193008687,BRACELET MFSI01 (CHIEN) - 04G,1,PIECE
3667193008670,BRACELET MFSI03 (LOUP) - 02S,1,PIECE
3667193008663,BRACELET A VOEUX L'ORIGINAL - BV44,1,PIECE
3667193008656,BRACELET MFSI01 (CHIEN) - 03S,1,PIECE
3667193008649,BRACELET A VOEUX L'ORIGINAL - BV43 - 5 Crochets 100,100,PIECE
3667193008632,BRACELET MFSI01 (CHIEN) - 03G,1,PIECE
3667193008625,BRACELET MFSI03 (LOUP) - 02G,1,PIECE
3667193008618,BRACELET A VOEUX L'ORIGINAL - BV43 - 1 Crochet 20,20,PIECE
3667193008601,BRACELET MFSI01 (CHIEN) - 02S,1,PIECE
3667193008595,BRACELET MFSI01 (CHIEN) - 02G,1,PIECE
3667193008588,BRACELET MFSI03 (LOUP) - 01S,1,PIECE
3667193008571,BRACELET MFSI01 (CHIEN) - 01S,1,PIECE
3667193008564,BRACELET A VOEUX L'ORIGINAL - BV43,1,PIECE
3667193008557,BRACELET A VOEUX L'ORIGINAL - BV42 - 5 Crochets 100,100,PIECE
3667193008458,BRACELET MFSI03 (LOUP) - 01G,1,PIECE
3667193008540,BRACELET MFSI01 (CHIEN) - 01G,1,PIECE
3667193008533,BRACELET A VOEUX L'ORIGINAL - BV42 - 1 Crochet 20,20,PIECE
3667193008526,BRACELET A VOEUX L'ORIGINAL - BV42,1,PIECE
3667193008519,BRACELET A VOEUX L'ORIGINAL - BV41 - 5 Crochets 100,100,PIECE
3667193008502,BRACELET A VOEUX L'ORIGINAL - BV41 - 1 Crochet 20,20,PIECE
3667193008496,BRACELET A VOEUX L'ORIGINAL - BV41,1,PIECE
3667193008489,BRACELET A VOEUX L'ORIGINAL - BV20 - 5 Crochets 100,100,PIECE
3667193008472,BRACELET A VOEUX L'ORIGINAL - BV20 - 1 Crochet 20,20,PIECE
3667193008465,BRACELET A VOEUX L'ORIGINAL - BV20,1,PIECE
3667193008441,BRACELET A VOEUX L'ORIGINAL - BV19 - 5 Crochets 100,100,PIECE
3667193008434,BRACELET A VOEUX L'ORIGINAL - BV19 - 1 Crochet 20,20,PIECE
3667193008427,BRACELET A VOEUX L'ORIGINAL - BV19,1,PIECE
3667193008410,BRACELET A VOEUX L'ORIGINAL - BV18 - 5 Crochets 100,100,PIECE
3667193008403,BRACELET A VOEUX L'ORIGINAL - BV18 - 1 Crochet 20,20,PIECE
3667193008397,BRACELET A VOEUX L'ORIGINAL - BV18,1,PIECE
3667193008380,BRACELET A VOEUX L'ORIGINAL - BV17 - 5 Crochets 100,100,PIECE
3667193008373,BRACELET A VOEUX L'ORIGINAL - BV17 - 1 Crochet 20,20,PIECE
3667193008366,BRACELET A VOEUX L'ORIGINAL - BV17,1,PIECE
3667193008359,BRACELET A VOEUX L'ORIGINAL - BV16 - 5 Crochets 100,100,PIECE
3667193008342,BRACELET A VOEUX L'ORIGINAL - BV16 - 1 Crochet 20,20,PIECE
3667193008335,BRACELET A VOEUX L'ORIGINAL - BV16,1,PIECE
3667193008328,BRACELET A VOEUX L'ORIGINAL - BV15 - 5 Crochets 100,100,PIECE
3667193008311,BRACELET A VOEUX L'ORIGINAL - BV15 - 1 Crochet 20,20,PIECE
3667193008304,BRACELET A VOEUX L'ORIGINAL - BV15,1,PIECE
3667193008298,BRACELET MFSI02 (CHIEN) FLUO - 08S,1,PIECE
3667193008281,BRACELET MFSI02 (CHIEN) FLUO - 08G,1,PIECE
3667193008274,BRACELET MFSI02 (CHIEN) FLUO - 07S,1,PIECE
3667193008267,BRACELET MFSI02 (CHIEN) FLUO - 07G,1,PIECE
3667193008250,BRACELET MFSI02 (CHIEN) FLUO - 06S,1,PIECE
3667193008243,BRACELET MFSI02 (CHIEN) FLUO - 06G,1,PIECE
3667193008236,BRACELET MFSI02 (CHIEN) FLUO - 05S,1,PIECE
3667193008229,BRACELET MFSI02 (CHIEN) FLUO - 05G,1,PIECE
3667193008212,BRACELET MFSI02 (CHIEN) FLUO - 04S,1,PIECE
3667193008205,BRACELET MFSI02 (CHIEN) FLUO - 04G,1,PIECE
3667193008199,BRACELET MFSI02 (CHIEN) FLUO - 03S,1,PIECE
3667193008182,BRACELET MFSI02 (CHIEN) FLUO-03G,1,PIECE
3667193008175,BRACELET MFSI02 (CHIEN) FLUO - 02S,1,PIECE
3667193008168,BRACELET MFSI02 (CHIEN) FLUO - 02G,1,PIECE
3667193008151,BRACELET MFSI02 (CHIEN) FLUO - 01S,1,PIECE
3667193008144,BRACELET MFSI02 (CHIEN) FLUO - 01G,1,PIECE
3667193008137,BRACELET A VOEUX L'ORIGINAL - BV14 - 5 Crochets 100,100,PIECE
3667193008120,BRACELET A VOEUX L'ORIGINAL - BV14 - 1 Crochet 20,20,PIECE
3667193008113,BRACELET A VOEUX L'ORIGINAL - BV14,1,PIECE
3667193008106,BRACELET A VOEUX L'ORIGINAL - BV13 - 5 Crochets 100,100,PIECE
3667193008090,BRACELET A VOEUX L'ORIGINAL - BV13 - 1 Crochet 20,20,PIECE
3667193008083,BRACELET A VOEUX L'ORIGINAL - BV13,1,PIECE
3667193008076,BRACELET A VOEUX L'ORIGINAL - BV12 - 5 Crochets 100,100,PIECE
3667193008069,BRACELET A VOEUX L'ORIGINAL - BV12 - 1 Crochet 20,20,PIECE
3667193008052,BRACELET A VOEUX L'ORIGINAL - BV12,1,PIECE
3667193008045,BRACELET A VOEUX L'ORIGINAL - BV01 - 5 Crochets 100,100,PIECE
3667193008038,BRACELET A VOEUX L'ORIGINAL - BV01 - 1 Crochet 20,20,PIECE
3667193008021,BRACELET A VOEUX L'ORIGINAL - BV01,1,PIECE
3667193008014,BRACELET A VOEUX L'ORIGINAL - BV40 - 5 Crochets 100,100,PIECE
3667193008007,BRACELET A VOEUX L'ORIGINAL - BV40 - 1 Crochet 20,20,PIECE
3667193007994,BRACELET A VOEUX L'ORIGINAL - BV40,1,PIECE
3667193007987,BRACELET A VOEUX L'ORIGINAL - BV39 - 5 Crochets 100,100,PIECE
3667193007970,BRACELET A VOEUX L'ORIGINAL - BV39 - 1 Crochet 20,20,PIECE
3667193007963,BRACELET A VOEUX L'ORIGINAL - BV39,1,PIECE
3667193007956,BRACELET A VOEUX L'ORIGINAL - BV38 - 5 Crochets 100,100,PIECE
3667193007949,BRACELET A VOEUX L'ORIGINAL - BV38 - 1 Crochet 20,20,PIECE
3667193007932,BRACELET A VOEUX L'ORIGINAL - BV38,1,PIECE
3667193007925,BRACELET A VOEUX L'ORIGINAL - BV37 - 5 Crochets 100,100,PIECE
3667193007918,BRACELET A VOEUX L'ORIGINAL - BV37 - 1 Crochet 20,20,PIECE
3667193007901,BRACELET A VOEUX L'ORIGINAL - BV37,1,PIECE
3667193007895,BRACELET A VOEUX L'ORIGINAL - BV36 - 5 Crochets 100,100,PIECE
3667193007888,BRACELET A VOEUX L'ORIGINAL - BV36 - 1 Crochet 20,20,PIECE
3667193007871,BRACELET A VOEUX L'ORIGINAL - BV36,1,PIECE
3667193007864,BRACELET A VOEUX L'ORIGINAL - BV35 - 5 Crochets 100,100,PIECE
3667193007857,BRACELET A VOEUX L'ORIGINAL - BV35 - 1 Crochet 20,20,PIECE
3667193007840,BRACELET A VOEUX L'ORIGINAL - BV35,1,PIECE
3667193007833,BRACELET A VOEUX L'ORIGINAL - BV33 - 5 Crochets 100,100,PIECE
3667193007826,BRACELET A VOEUX L'ORIGINAL - BV33 - 1 Crochet 20,20,PIECE
3667193007819,BRACELET A VOEUX L'ORIGINAL - BV33,1,PIECE
3667193007802,BRACELET A VOEUX L'ORIGINAL - BV32 - 5 Crochets 100,100,PIECE
3667193007796,BRACELET A VOEUX L'ORIGINAL - BV32 - 1 Crochet 20,20,PIECE
3667193007789,BRACELET A VOEUX L'ORIGINAL - BV32,1,PIECE
3667193007772,BRACELET A VOEUX L'ORIGINAL - BV31 - 5 Crochets 100,100,PIECE
3667193007765,BRACELET A VOEUX L'ORIGINAL - BV31 - 1 Crochet 20,20,PIECE
3667193007758,BRACELET A VOEUX L'ORIGINAL - BV31,1,PIECE
3667193007741,BRACELET A VOEUX L'ORIGINAL - BV30 - 5 Crochets 100,100,PIECE
3667193007734,BRACELET A VOEUX L'ORIGINAL - BV30 - 1 Crochet 20,20,PIECE
3667193007727,BRACELET A VOEUX L'ORIGINAL - BV30,1,PIECE
3667193007710,BRACELET MS10 (MARMOTTE) SIMPLE - 02S,1,PIECE
3667193007703,BRACELET MS10 (MARMOTTE) SIMPLE - 07S,1,PIECE
3667193007697,BRACELET A VOEUX L'ORIGINAL - BV29 - 5 Crochets 100,100,PIECE
3667193007680,BRACELET A VOEUX L'ORIGINAL - BV29 - 1 Crochet 20,20,PIECE
3667193007673,BRACELET A VOEUX L'ORIGINAL - BV29,1,PIECE
3667193007666,BRACELET A VOEUX L'ORIGINAL - BV28 - 5 Crochets 100,100,PIECE
3667193007659,BRACELET A VOEUX L'ORIGINAL - BV28 - 1 Crochet 20,20,PIECE
3667193007642,BRACELET A VOEUX L'ORIGINAL - BV28,1,PIECE
3667193007635,BRACELET MS10 (MARMOTTE) SIMPLE - 13S,1,PIECE
3667193007628,BRACELET MS10 (MARMOTTE) SIMPLE - 13G,1,PIECE
3667193007611,BRACELET A VOEUX L'ORIGINAL - BV27 - 5 Crochets 100,100,PIECE
3667193007604,BRACELET A VOEUX L'ORIGINAL - BV27 - 1 Crochet 20,20,PIECE
3667193007598,BRACELET MS10 (MARMOTTE) SIMPLE - 12S,1,PIECE
3667193007581,BRACELET MS10 (MARMOTTE) SIMPLE - 12G,1,PIECE
3667193007574,BRACELET A VOEUX L'ORIGINAL - BV27,1,PIECE
3667193007567,BRACELET MS10 (MARMOTTE) SIMPLE - 11S,1,PIECE
3667193007550,BRACELET A VOEUX L'ORIGINAL - BV26 - 5 Crochets 100,100,PIECE
3667193007543,BRACELET A VOEUX L'ORIGINAL - BV26 - 1 Crochet 20,20,PIECE
3667193007536,BRACELET A VOEUX L'ORIGINAL - BV26,1,PIECE
3667193007529,BRACELET A VOEUX L'ORIGINAL - BV25 - 5 Crochets 100,100,PIECE
3667193007512,BRACELET A VOEUX L'ORIGINAL - BV25 - 1 Crochet 20,20,PIECE
3667193007505,BRACELET A VOEUX L'ORIGINAL - BV25,1,PIECE
3667193007499,BRACELET MS10 (MARMOTTE) SIMPLE - 11G,1,PIECE
3667193007482,BRACELET MS10 (MARMOTTE) SIMPLE - 10S,1,PIECE
3667193007475,BRACELET A VOEUX L'ORIGINAL - BV24 - 5 Crochets 100,100,PIECE
3667193007468,BRACELET MS10 (MARMOTTE) SIMPLE - 10G,1,PIECE
3667193007451,BRACELET A VOEUX L'ORIGINAL - BV24 - 1 Crochet 20,20,PIECE
3667193007444,BRACELET MS10 (MARMOTTE) SIMPLE - 09S,1,PIECE
3667193007437,BRACELET A VOEUX L'ORIGINAL - BV24,1,PIECE
3667193007420,BRACELET A VOEUX L'ORIGINAL - BV23 - 5 Crochets 100,100,PIECE
3667193007413,BRACELET MS03 - 13S,1,PIECE
3667193007406,BRACELET A VOEUX L'ORIGINAL - BV23 - 1 Crochet 20,20,PIECE
3667193007390,BRACELET A VOEUX L'ORIGINAL - BV23,1,PIECE
3667193007383,BRACELET MS03 - 13G,1,PIECE
3667193007376,BRACELET MS03 - 12S,1,PIECE
3667193007369,BRACELET A VOEUX L'ORIGINAL - BV22 - 5 Crochets 100,100,PIECE
3667193007352,BRACELET A VOEUX L'ORIGINAL - BV22 - 1 Crochet 20,20,PIECE
3667193007345,BRACELET MS03 - 12G,1,PIECE
3667193007338,BRACELET MS03 - 11S,1,PIECE
3667193007321,BRACELET A VOEUX L'ORIGINAL - BV22,1,PIECE
3667193007314,BRACELET MS03 - 11G,1,PIECE
3667193007307,BRACELET A VOEUX L'ORIGINAL - BV21 - 5 Crochets 100,100,PIECE
3667193007291,BRACELET A VOEUX L'ORIGINAL - BV21 - 1 Crochet 20,20,PIECE
3667193007284,BRACELET A VOEUX L'ORIGINAL - BV21,1,PIECE
3667193007277,BRACELET MS03 - 10S,1,PIECE
3667193007260,BRACELET MS03 - 10G,1,PIECE
3667193007253,BRACELET MS03 - 09S,1,PIECE
3667193007246,BRACELET MS03 - 09G,1,PIECE
3667193007239,BRACELET MS03 - 08S,1,PIECE
3667193007222,BRACELET MS03 - 08G,1,PIECE
3667193007215,BRACELET A VOEUX L'ORIGINAL - BVC45 - 5 Crochets 100,100,PIECE
3667193007208,BRACELET A VOEUX L'ORIGINAL - BVC45 - 1 Crochet 20,20,PIECE
3667193007192,BRACELET A VOEUX L'ORIGINAL - BVC45,1,PIECE
3667193007185,BRACELET A VOEUX L'ORIGINAL - BVC43 - 5 Crochets 100,100,PIECE
3667193007178,BRACELET A VOEUX L'ORIGINAL - BVC43 - 1 Crochet 20,20,PIECE
3667193007161,BRACELET A VOEUX L'ORIGINAL - BVC43,1,PIECE
3667193007154,BRACELET A VOEUX L'ORIGINAL - BVC38 - 5 Crochets 100,100,PIECE
3667193007147,BRACELET A VOEUX L'ORIGINAL - BVC38 - 1 Crochet 20,20,PIECE
3667193007130,BRACELET A VOEUX L'ORIGINAL - BVC38,1,PIECE
3667193007123,BRACELET A VOEUX L'ORIGINAL - BVC34 - 5 Crochets 100,100,PIECE
3667193007116,BRACELET MS03 - 07S,1,PIECE
3667193007109,BRACELET A VOEUX L'ORIGINAL - BVC34 - 1 Crochet 20,20,PIECE
3667193007093,BRACELET A VOEUX L'ORIGINAL - BVC34,1,PIECE
3667193007086,BRACELET MS03 - 07G,1,PIECE
3667193007079,BRACELET A VOEUX L'ORIGINAL - BVC28 - 5 Crochets 100,100,PIECE
3667193007062,BRACELET MS03 - 06S,1,PIECE
3667193007055,BRACELET A VOEUX L'ORIGINAL - BVC28 - 1 Crochet 20,20,PIECE
3667193007048,BRACELET MS03 - 06G,1,PIECE
3667193007031,BRACELET A VOEUX L'ORIGINAL - BVC28,1,PIECE
3667193007024,BRACELET MS03 - 05S,1,PIECE
3667193007017,BRACELET A VOEUX L'ORIGINAL - BVC27 - 5 Crochets 100,100,PIECE
3667193007000,BRACELET MS03 - 05G,1,PIECE
3667193006997,BRACELET A VOEUX L'ORIGINAL - BVC27 - 1 Crochet 20,20,PIECE
3667193006980,BRACELET A VOEUX L'ORIGINAL - BVC27,1,PIECE
3667193006973,BRACELET MS03 - 04S,1,PIECE
3667193006966,BRACELET MS03 - 04G,1,PIECE
3667193006959,BRACELET A VOEUX L'ORIGINAL - BVC26 - 5 Crochets 100,100,PIECE
3667193006942,BRACELET MS03 - 03S,1,PIECE
3667193006935,BRACELET A VOEUX L'ORIGINAL - BVC26 - 1 Crochet 20,20,PIECE
3667193006928,BRACELET A VOEUX L'ORIGINAL - BVC26,1,PIECE
3667193006911,BRACELET MS03 - 03G,1,PIECE
3667193006904,BRACELET A VOEUX L'ORIGINAL - BVC22 - 5 Crochets 100,100,PIECE
3667193006898,BRACELET A VOEUX L'ORIGINAL - BVC22 - 1 Crochet 20,20,PIECE
3667193006881,BRACELET MS03 - 02S,1,PIECE
3667193006874,BRACELET A VOEUX L'ORIGINAL - BVC22,1,PIECE
3667193006867,BRACELET MS03 - 02G,1,PIECE
3667193006850,BRACELET A VOEUX L'ORIGINAL - BVC20 - 5 Crochets 100,100,PIECE
3667193006843,BRACELET MS03 - 01S,1,PIECE
3667193006836,BRACELET A VOEUX L'ORIGINAL - BVC20 - 1 Crochet 20,20,PIECE
3667193006829,BRACELET A VOEUX L'ORIGINAL - BVC20,1,PIECE
3667193006812,BRACELET MS03 - 01G,1,PIECE
3667193006805,BRACELET A VOEUX L'ORIGINAL - BVC19 - 5 Crochets 100,100,PIECE
3667193006799,BRACELET A VOEUX L'ORIGINAL - BVC19 - 1 Crochet 20,20,PIECE
3667193006782,BRACELET A VOEUX L'ORIGINAL - BVC19,1,PIECE
3667193006775,BRACELET A VOEUX L'ORIGINAL - BVC17 - 5 Crochets 100,100,PIECE
3667193006768,BRACELET A VOEUX L'ORIGINAL - BVC17 - 1 Crochet 20,20,PIECE
3667193006751,BRACELET MS10 (MARMOTTE) SIMPLE - 09G,1,PIECE
3667193006744,BRACELET A VOEUX L'ORIGINAL - BVC17,1,PIECE
3667193006737,BRACELET A VOEUX L'ORIGINAL - BVC16 - 5 Crochets 100,100,PIECE
3667193006720,BRACELET MS10 (MARMOTTE) SIMPLE - 08S,1,PIECE
3667193006713,BRACELET MS10 (MARMOTTE) SIMPLE - 08G,1,PIECE
3667193006706,BRACELET A VOEUX L'ORIGINAL - BVC16 - 1 Crochet 20,20,PIECE
3667193006690,BRACELET MS10 (MARMOTTE) SIMPLE - 07G,1,PIECE
3667193006683,BRACELET A VOEUX L'ORIGINAL - BVC16,1,PIECE
3667193006676,BRACELET A VOEUX L'ORIGINAL - BVC14 - 5 Crochets 100,100,PIECE
3667193006669,BRACELET MS10 (MARMOTTE) SIMPLE - 06S,1,PIECE
3667193006652,BRACELET A VOEUX L'ORIGINAL - BVC14 - 1 Crochet 20,20,PIECE
3667193006645,BRACELET A VOEUX L'ORIGINAL - BVC14,1,PIECE
3667193006591,BRACELET MS10 (MARMOTTE) SIMPLE - 06G,1,NOMBRE UNITES DE BASE
3667193006638,BRACELET A VOEUX L'ORIGINAL - BVC12 - 5 Crochets 100,100,PIECE
3667193006621,BRACELET A VOEUX L'ORIGINAL - BVC12 - 1 Crochet 20,20,PIECE
3667193006614,BRACELET MS10 (MARMOTTE) SIMPLE - 05G,1,NOMBRE UNITES DE BASE
3667193006607,BRACELET MS10 (MARMOTTE) SIMPLE - 05S,1,NOMBRE UNITES DE BASE
3667193006584,BRACELET A VOEUX L'ORIGINAL - BVC12,1,PIECE
3667193006577,BRACELET A VOEUX L'ORIGINAL - BVC11 - 5 Crochets 100,100,PIECE
3667193006560,BRACELET A VOEUX L'ORIGINAL - BVC11 - 1 Crochet 20,20,PIECE
3667193006553,BRACELET A VOEUX L'ORIGINAL - BVC11,1,PIECE
3667193006546,BRACELET A VOEUX L'ORIGINAL - BVC10 - 5 Crochets 100,100,PIECE
3667193006539,BRACELET MS10 (MARMOTTE) SIMPLE - 04S,1,PIECE
3667193006522,BRACELET A VOEUX L'ORIGINAL - BVC10 - 1 Crochet 20,20,PIECE
3667193006515,BRACELET MS10 (MARMOTTE) SIMPLE - 04G,1,PIECE
3667193006508,BRACELET A VOEUX L'ORIGINAL - BVC10,1,PIECE
3667193006492,BRACELET A VOEUX L'ORIGINAL - BVC07 - 5 Crochets 100,100,PIECE
3667193006485,BRACELET MS10 (MARMOTTE) SIMPLE - 03S,1,PIECE
3667193006478,BRACELET A VOEUX L'ORIGINAL - BVC07 - 1 Crochet 20,20,PIECE
3667193006461,BRACELET MS10 (MARMOTTE) SIMPLE - 03G,1,PIECE
3667193006454,BRACELET A VOEUX L'ORIGINAL - BVC07,1,PIECE
3667193006447,BRACELET MS10 (MARMOTTE) SIMPLE - 02G,1,PIECE
3667193006430,BRACELET A VOEUX L'ORIGINAL - BVC06 - 5 Crochets 100,100,PIECE
3667193006423,BRACELET MS10 (MARMOTTE) SIMPLE - 01S,1,PIECE
3667193006416,BRACELET A VOEUX L'ORIGINAL - BVC06 - 1 Crochet 20,20,PIECE
3667193006409,BRACELET MS10 (MARMOTTE) SIMPLE - 01G,1,PIECE
3667193006393,BRACELET A VOEUX L'ORIGINAL - BVC06,1,PIECE
3667193006386,BRACELET A VOEUX L'ORIGINAL - BVC02 - 5 Crochets 100,100,PIECE
3667193006379,BRACELET A VOEUX L'ORIGINAL - BVC02 - 1 Crochet 20,20,PIECE
3667193006362,BRACELET A VOEUX L'ORIGINAL - BVC02,1,PIECE
3667193006355,BRACELET A VOEUX L'ORIGINAL - BVC01 - 5 Crochets 100,100,PIECE
3667193006348,BRACELET A VOEUX L'ORIGINAL - BVC01 - 1 Crochet 20,20,PIECE
3667193006331,BRACELET A VOEUX L'ORIGINAL - BVC01,1,PIECE
3667193006324,BRACELET MS05 (MOUTON) SIMPLE - 13S,1,PIECE
3667193006317,BRACELET MS05 (MOUTON) SIMPLE - 13G,1,PIECE
3667193006300,BRACELET MS05 (MOUTON) SIMPLE - 12S,1,PIECE
3667193006294,BRACELET A VOEUX L'ORIGINAL - BVE-39 - 5 Crochets 100,100,PIECE
3667193006287,BRACELET A VOEUX L'ORIGINAL - BVE-39 - 1 Crochet 20,20,PIECE
3667193006270,BRACELET MS05 (MOUTON) SIMPLE - 12G,1,PIECE
3667193006263,BRACELET A VOEUX L'ORIGINAL - BVE-39,1,PIECE
3667193006256,BRACELET MS05 (MOUTON) SIMPLE - 11S,1,PIECE
3667193006249,BRACELET A VOEUX L'ORIGINAL - BVE-34 - 5 Crochets 100,100,PIECE
3667193006232,BRACELET MS05 (MOUTON) SIMPLE - 11G,1,PIECE
3667193006225,BRACELET A VOEUX L'ORIGINAL - BVE-34 - 1 Crochet 20,20,PIECE
3667193006218,BRACELET MS05 (MOUTON) SIMPLE - 10S,1,PIECE
3667193006201,BRACELET A VOEUX L'ORIGINAL - BVE-34,1,PIECE
3667193006195,BRACELET MS05 (MOUTON) SIMPLE - 10G,1,PIECE
3667193006188,BRACELET A VOEUX L'ORIGINAL - BVE-32 - 5 Crochets 100,100,PIECE
3667193006171,BRACELET MS05 (MOUTON) SIMPLE - 09S,1,PIECE
3667193006164,BRACELET A VOEUX L'ORIGINAL - BVE-32 - 1 Crochet 20,20,PIECE
3667193006157,BRACELET MS05 (MOUTON) SIMPLE - 09G,1,PIECE
3667193006140,BRACELET A VOEUX L'ORIGINAL - BVE-32,1,PIECE
3667193006133,BRACELET MS05 (MOUTON) SIMPLE - 08S,1,PIECE
3667193006126,BRACELET A VOEUX L'ORIGINAL - BVE-31 - 5 Crochets 100,100,PIECE
3667193006119,BRACELET A VOEUX L'ORIGINAL - BVE-31 - 1 Crochet 20,20,PIECE
3667193006102,BRACELET MS05 (MOUTON) SIMPLE - 08G,1,PIECE
3667193006096,BRACELET A VOEUX L'ORIGINAL - BVE-31,1,PIECE
3667193006089,BRACELET MS05 (MOUTON) SIMPLE - 07S,1,PIECE
3667193006072,BRACELET A VOEUX L'ORIGINAL - BVE-28 - 5 Crochets 100,100,PIECE
3667193006065,BRACELET MS05 (MOUTON) SIMPLE - 07G,1,PIECE
3667193006058,BRACELET A VOEUX L'ORIGINAL - BVE-28 - 1 Crochet 20,20,PIECE
3667193006041,BRACELET MS05 (MOUTON) SIMPLE - 06S,1,PIECE
3667193006034,BRACELET A VOEUX L'ORIGINAL - BVE-28,1,PIECE
3667193006027,BRACELET MS05 (MOUTON) SIMPLE - 06G,1,PIECE
3667193006010,BRACELET A VOEUX L'ORIGINAL - BVE-27 - 5 Crochets 100,100,PIECE
3667193006003,BRACELET MS05 (MOUTON) SIMPLE - 05S,1,PIECE
3667193005990,BRACELET A VOEUX L'ORIGINAL - BVE-27 - 1 Crochet 20,20,PIECE
3667193005983,BRACELET MS05 (MOUTON) SIMPLE - 05G,1,PIECE
3667193005976,BRACELET A VOEUX L'ORIGINAL - BVE-27,1,PIECE
3667193005969,BRACELET MS05 (MOUTON) SIMPLE - 04S,1,PIECE
3667193005952,BRACELET A VOEUX L'ORIGINAL - BVE-25 - 5 Crochets 100,100,PIECE
3667193005945,BRACELET MS05 (MOUTON) SIMPLE - 04G,1,PIECE
3667193005938,BRACELET A VOEUX L'ORIGINAL - BVE-25 - 1 Crochet 20,20,PIECE
3667193005921,BRACELET MS05 (MOUTON) SIMPLE - 03S,1,PIECE
3667193005914,BRACELET MS05 (MOUTON) SIMPLE - 03G,1,PIECE
3667193005907,BRACELET A VOEUX L'ORIGINAL - BVE-25,1,PIECE
3667193005891,BRACELET MS05 (MOUTON) SIMPLE - 02S,1,PIECE
3667193005884,BRACELET MS05 (MOUTON) SIMPLE - 02G,1,PIECE
3667193005877,BRACELET MS02 (LOUP) SIMPLE - 01S,1,PIECE
3667193005860,BRACELET MS05 (MOUTON) SIMPLE - 01G,1,PIECE
3667193005853,BRACELET A VOEUX L'ORIGINAL - BVE-24 - 5 Crochets 100,100,PIECE
3667193005846,BRACELET A VOEUX L'ORIGINAL - BVE-24 - 1 Crochet 20,20,PIECE
3667193005839,BRACELET A VOEUX L'ORIGINAL - BVE-24,1,PIECE
3667193005822,BRACELET A VOEUX L'ORIGINAL - BVE-22 - 5 Crochets 100,100,PIECE
3667193005815,BRACELET A VOEUX L'ORIGINAL - BVE-22 - 1 Crochet 20,20,PIECE
3667193005808,BRACELET A VOEUX L'ORIGINAL - BVE-22,1,PIECE
3667193005792,BRACELET A VOEUX L'ORIGINAL - BVE-20 - 5 Crochets 100,100,PIECE
3667193005785,BRACELET A VOEUX L'ORIGINAL - BVE-20 - 1 Crochet 20,20,PIECE
3667193005778,BRACELET A VOEUX L'ORIGINAL - BVE-20,1,PIECE
3667193005761,BRACELET A VOEUX L'ORIGINAL - BVE-19 - 5 Crochets 100,100,PIECE
3667193005754,BRACELET A VOEUX L'ORIGINAL - BVE-19 - 1 Crochet 20,20,PIECE
3667193005747,BRACELET A VOEUX L'ORIGINAL - BVE-19,1,PIECE
3667193005730,BRACELET A VOEUX L'ORIGINAL - BVE-18 - 5 Crochets 100,100,PIECE
3667193005723,BRACELET A VOEUX L'ORIGINAL - BVE-18 - 1 Crochet 20,20,PIECE
3667193005716,BRACELET A VOEUX L'ORIGINAL - BVE-18,1,PIECE
3667193005709,BRACELET A VOEUX L'ORIGINAL - BVE-17 - 5 Crochets 100,100,PIECE
3667193005693,BRACELET A VOEUX L'ORIGINAL - BVE-17 - 1 Crochet 20,20,PIECE
3667193005686,BRACELET A VOEUX L'ORIGINAL - BVE-17,1,PIECE
3667193005679,BRACELET A VOEUX L'ORIGINAL - BVE-16 - 5 Crochets 100,100,PIECE
3667193005662,BRACELET A VOEUX L'ORIGINAL - BVE-16 -  1 Crochet 20,20,PIECE
3667193005655,BRACELET A VOEUX L'ORIGINAL - BVE-16,1,PIECE
3667193005648,BRACELET A VOEUX L'ORIGINAL - BVE-14 - 5 Crochets 100,100,PIECE
3667193005631,BRACELET A VOEUX L'ORIGINAL - BVE-14 - 1 Crochet 20,20,PIECE
3667193005624,BRACELET A VOEUX L'ORIGINAL - BVE-14,1,PIECE
3667193005617,BRACELET A VOEUX L'ORIGINAL - BVE-12 - 5 Crochets 100,100,PIECE
3667193005600,BRACELET A VOEUX L'ORIGINAL - BVE-12 - 1 Crochet 20,20,PIECE
3667193005594,BRACELET A VOEUX L'ORIGINAL - BVE-12,1,PIECE
3667193005587,BRACELET A VOEUX L'ORIGINAL - BVE-11 -  5 Crochets 100,100,PIECE
3667193005570,BRACELET A VOEUX L'ORIGINAL - BVE-11 -  1 Crochet 20,20,PIECE
3667193005563,BRACELET A VOEUX L'ORIGINAL - BVE-11,1,PIECE
3667193005556,BRACELET A VOEUX L'ORIGINAL - BVE-10 -  5 Crochets 100,100,PIECE
3667193005549,BRACELET A VOEUX L'ORIGINAL - BVE-10 -  1 Crochet 20,20,PIECE
3667193005532,BRACELET A VOEUX L'ORIGINAL - BVE-10,1,PIECE
3667193005525,BRACELET A VOEUX L'ORIGINAL - BVE-06 -  5 Crochets 100,100,PIECE
3667193005518,BRACELET A VOEUX L'ORIGINAL - BVE-06 -  1 Crochet 20,20,PIECE
3667193005501,BRACELET A VOEUX L'ORIGINAL - BVE-06,1,PIECE
3667193005495,BRACELET A VOEUX L'ORIGINAL - BVE-02 -  5 Crochets 100,100,PIECE
3667193005488,BRACELET A VOEUX L'ORIGINAL - BVE-02 -  1 Crochet 20,20,PIECE
3667193005471,BRACELET A VOEUX L'ORIGINAL - BVE-02,1,PIECE
3667193005464,BRACELET A VOEUX L'ORIGINAL - BVE-01 -  5 Crochets 100,100,PIECE
3667193005457,BRACELET MS09 (MARMOTTE) TRESSE - 13S,1,PIECE
3667193005440,BRACELET MS09 (MARMOTTE) TRESSE - 13G,1,PIECE
3667193005433,BRACELET A VOEUX L'ORIGINAL - BVE-01 -  1 Crochet 20,20,PIECE
3667193005426,BRACELET MS09 (MARMOTTE) TRESSE - 12S,1,PIECE
3667193005419,BRACELET A VOEUX L'ORIGINAL - BVE-01,1,PIECE
3667193005402,BRACELET MS09 (MARMOTTE) TRESSE - 12G,1,PIECE
3667193005358,BRACELET A VOEUX L'ORIGINAL - BVE-03 -  1 Crochet 20,20,PIECE
3667193005389,BRACELET A VOEUX L'ORIGINAL - BVE-03 -  5 Crochets 100,100,PIECE
3667193005396,BRACELET MS09 (MARMOTTE) TRESSE - 11S,1,PIECE
3667193005372,BRACELET MS09 (MARMOTTE) TRESSE - 11G,1,PIECE
3667193005365,BRACELET MS09 (MARMOTTE) TRESSE - 10S,1,PIECE
3667193005341,BRACELET MS09 (MARMOTTE) TRESSE - 10G,1,PIECE
3667193005334,BRACELET MS09 (MARMOTTE) TRESSE - 09S,1,PIECE
3667193005327,BRACELET MS09 (MARMOTTE) TRESSE - 09G,1,PIECE
3667193005310,BRACELET MS09 (MARMOTTE) TRESSE - 08S,1,PIECE
3667193005303,BRACELET MS09 (MARMOTTE) TRESSE - 08G,1,PIECE
3667193005297,BRACELET MS09 (MARMOTTE) TRESSE - 07S,1,PIECE
3667193005280,BRACELET MS09 (MARMOTTE) TRESSE - 07G,1,PIECE
3667193005273,BRACELET MS09 (MARMOTTE) TRESSE - 06S,1,PIECE
3667193005266,BRACELET MS09 (MARMOTTE) TRESSE - 06G,1,PIECE
3667193005259,BRACELET MS09 (MARMOTTE) TRESSE - 05S,1,PIECE
3667193005242,BRACELET MS09 (MARMOTTE) TRESSE - 05G,1,PIECE
3667193005235,BRACELET MS09 (MARMOTTE) TRESSE - 04S,1,PIECE
3667193005228,BRACELET MS09 (MARMOTTE) TRESSE - 04G,1,PIECE
3667193005211,BRACELET MS09 (MARMOTTE) TRESSE - 03S,1,PIECE
3667193005204,BRACELET MS09 (MARMOTTE) TRESSE - 03G,1,PIECE
3667193002043,BRACELET MS09 (MARMOTTE) TRESSE - 02S,1,PIECE
3667193005198,BRACELET MS09 (MARMOTTE) TRESSE - 02G,1,PIECE
3667193002005,BRACELET MS09 (MARMOTTE) TRESSE - 01S,1,PIECE
3667193002104,BRACELET MS09 (MARMOTTE) TRESSE - 01G,1,PIECE
3667193005181,BRACELET MS02 (LOUP) SIMPLE - 13S,1,PIECE
3667193005174,BRACELET MS02 (LOUP) SIMPLE - 13G,1,PIECE
3667193005167,BRACELET A VOEUX L'ORIGINAL - BVE-03,1,PIECE
3667193005150,BRACELET MS02 (LOUP) SIMPLE - 12S,1,PIECE
3667193005143,BRACELET MS02 (LOUP) SIMPLE - 12G,1,PIECE
3667193005136,BRACELET MS02 (LOUP) SIMPLE - 11S,1,PIECE
3667193005129,BRACELET MS02 (LOUP) SIMPLE - 11G,1,PIECE
3667193005112,BRACELET MS02 (LOUP) SIMPLE - 10S,1,PIECE
3667193005105,BRACELET MS02 (LOUP) SIMPLE - 10G,1,PIECE
3667193005099,BRACELET MS02 (LOUP) SIMPLE - 09S,1,PIECE
3667193005082,BRACELET MS02 (LOUP) SIMPLE - 09G,1,PIECE
3667193005075,BRACELET FSI21 S JAP COQUILLAGE - 16,1,PIECE
3667193005068,BRACELET FSI21 S JAP COQUILLAGE - 15,1,PIECE
3667193005051,BRACELET FSI21 S JAP COQUILLAGE - 14,1,PIECE
3667193005044,BRACELET FSI21 S JAP COQUILLAGE - 13,1,PIECE
3667193005037,BRACELET FSI21 S JAP COQUILLAGE - 12,1,PIECE
3667193005020,BRACELET FSI21 S JAP COQUILLAGE - 11,1,PIECE
3667193002432,BRACELET MS06 (ELDELWEISS) SIMPLE - 11S,1,PIECE
3667193005013,BRACELET MS02 (LOUP) SIMPLE - 08S,1,PIECE
3667193005006,BRACELET MS02 (LOUP) SIMPLE - 08G,1,PIECE
3667193004993,BRACELET MS02 (LOUP) SIMPLE - 07S,1,PIECE
3667193004986,BRACELET MS02 (LOUP) SIMPLE - 07G,1,PIECE
3667193004979,BRACELET MS02 (LOUP) SIMPLE - 06S,1,PIECE
3667193002029,BRACELET MS06 (ELDELWEISS) SIMPLE - 06G,1,PIECE
3667193004962,BRACELET MS02 (LOUP) SIMPLE - 06G,1,PIECE
3667193002074,BRACELET MS06 (ELDELWEISS) SIMPLE - 02S,1,PIECE
3667193002098,BRACELET MS06 (ELDELWEISS) SIMPLE - 13S,1,PIECE
3667193004955,BRACELET MS02 (LOUP) SIMPLE - 05S,1,PIECE
3667193004948,BRACELET MS06 (ELDELWEISS) SIMPLE - 12G,1,PIECE
3667193004931,BRACELET MS02 (LOUP) SIMPLE - 05G,1,PIECE
3667193004924,BRACELET MS06 (ELDELWEISS) SIMPLE - 09G,1,PIECE
3667193004917,BRACELET MS02 (LOUP) SIMPLE - 04S,1,PIECE
3667193002081,BRACELET MS06 (ELDELWEISS) SIMPLE - 03S,1,PIECE
3667193004900,BRACELET MS02 (LOUP) SIMPLE - 04G,1,PIECE
3667193002036,BRACELET MS06 (ELDELWEISS) SIMPLE - 08S,1,PIECE
3667193002012,BRACELET MS06 (ELDELWEISS) SIMPLE - 05G,1,PIECE
3667193004894,BRACELET MS02 (LOUP) SIMPLE - 03S,1,PIECE
3667193004887,BRACELET MS06 (ELDELWEISS) SIMPLE - 09S,1,PIECE
3667193004870,BRACELET MS02 (LOUP) SIMPLE - 03G,1,PIECE
3667193004863,BRACELET MS02 (LOUP) SIMPLE - 02S,1,PIECE
3667193004856,BRACELET MS02 (LOUP) SIMPLE - 02G,1,PIECE
3667193004849,BRACELET MS06 (ELDELWEISS) SIMPLE - 13G,1,PIECE
3667193004832,BRACELET MS02 (LOUP) SIMPLE - 01S,1,PIECE
3667193001992,BRACELET MS06 (ELDELWEISS) SIMPLE - 11G,1,PIECE
3667193004825,BRACELET MS02 (LOUP) SIMPLE - 01G,1,PIECE
3667193003552,BRACELET MS06 (ELDELWEISS) SIMPLE - 04G,1,PIECE
3667193003521,BRACELET MS06 (ELDELWEISS) SIMPLE - 04S,1,PIECE
3667193003507,BRACELET MS06 (ELDELWEISS) SIMPLE - 03G,1,PIECE
3667193003576,BRACELET MS06 (ELDELWEISS) SIMPLE - 10G,1,PIECE
3667193003408,BRACELET MS06 (ELDELWEISS) SIMPLE - 12S,1,PIECE
3667193003415,BRACELET MS06 (ELDELWEISS) SIMPLE - 01S,1,PIECE
3667193003439,BRACELET MS06 (ELDELWEISS) SIMPLE - 08G,1,PIECE
3667193003590,BRACELET MS06 (ELDELWEISS) SIMPLE - 07G,1,PIECE
3667193003620,BRACELET MS06 (ELDELWEISS) SIMPLE - 05S,1,PIECE
3667193003453,BRACELET MS06 (ELDELWEISS) SIMPLE - 02G,1,PIECE
3667193003477,BRACELET MS06 (ELDELWEISS) SIMPLE - 01G,1,PIECE
3667193003644,BRACELET MS06 (ELDELWEISS) SIMPLE - 10S,1,PIECE
3667193004818,BRACELET MS06 (ELDELWEISS) SIMPLE - 06S,1,PIECE
3667193004801,BRACELET MS06 (ELDELWEISS) SIMPLE - 07S,1,PIECE
3667193004795,BRACELET FSI21 S JAP COQUILLAGE - 10,1,PIECE
3667193004788,BRACELET FSI21 S JAP COQUILLAGE - 09,1,PIECE
3667193004771,BRACELET FSI21 S JAP COQUILLAGE - 08,1,PIECE
3667193004764,BRACELET FSI21 S JAP COQUILLAGE - 07,1,PIECE
3667193004757,BRACELET FSI21 S JAP COQUILLAGE - 06,1,PIECE
3667193004740,BRACELET FSI21 S JAP COQUILLAGE - 05,1,PIECE
3667193004733,BRACELET FSI21 S JAP COQUILLAGE - 04,1,PIECE
3667193004726,BRACELET FSI21 S JAP COQUILLAGE - 03,1,PIECE
3667193004719,BRACELET FSI21 S JAP COQUILLAGE - 02,1,PIECE
3667193004702,BRACELET FSI21 S JAP COQUILLAGE - 01,1,PIECE
3667193004696,BRACELET FSI53 S FIMO OR - 08,1,PIECE
3667193004689,BRACELET FSI53 S FIMO OR - 07,1,PIECE
3667193004672,BRACELET FSI53 S FIMO OR - 06,1,PIECE
3667193004665,BRACELET FSI53 S FIMO OR - 05,1,PIECE
3667193004658,BRACELET FSI53 S FIMO OR - 04,1,PIECE
3667193004641,BRACELET FSI53 S FIMO OR - 03,1,PIECE
3667193004634,BRACELET FSI53 S FIMO OR - 02,1,PIECE
3667193004627,BRACELET MS07 (CHAMOIS) SIMPLE - 13S,1,PIECE
3667193004610,BRACELET FSI53 S FIMO OR - 01,1,PIECE
3667193004603,BRACELET MS07 (CHAMOIS) SIMPLE - 13G,1,PIECE
3667193004597,BRACELET MS07 (CHAMOIS) SIMPLE - 12S,1,PIECE
3667193004580,BRACELET MS07 (CHAMOIS) SIMPLE - 12G,1,PIECE
3667193004573,BRACELET FSI60 S FIMO FLUO-08 - Bracelet Fimo Fluo Heishi,1,PIECE
3667193004566,BRACELET MS07 (CHAMOIS) SIMPLE - 11S,1,PIECE
3667193004559,BRACELET MS08 (CHAMOIS) TRESSE - 13S,1,PIECE
3667193004542,BRACELET MS07 (CHAMOIS) SIMPLE - 11G,1,PIECE
3667193004535,BRACELET MS08 (CHAMOIS) TRESSE - 13G,1,PIECE
3667193004528,BRACELET FSI60 S FIMO FLUO-07 - Bracelet Fimo Fluo Heishi,1,PIECE
3667193004511,BRACELET MS08 (CHAMOIS) TRESSE - 12S,1,PIECE
3667193004504,BRACELET FSI60 S FIMO FLUO-06 - Bracelet Fimo Fluo Heishi,1,PIECE
3667193004498,BRACELET MS08 (CHAMOIS) TRESSE - 12G,1,PIECE
3667193004481,BRACELET FSI60 S FIMO FLUO-05 - Bracelet Fimo Fluo Heishi,1,PIECE
3667193004474,BRACELET MS08 (CHAMOIS) TRESSE - 11S,1,PIECE
3667193004467,BRACELET MS07 (CHAMOIS) SIMPLE - 10S,1,PIECE
3667193004450,BRACELET FSI60 S FIMO FLUO-04 - Bracelet Fimo Fluo Heishi,1,PIECE
3667193004443,BRACELET MS08 (CHAMOIS) TRESSE - 11G,1,PIECE
3667193004436,BRACELET MS07 (CHAMOIS) SIMPLE - 10G,1,PIECE
3667193004429,BRACELET FSI60 S FIMO FLUO-03 - Bracelet Fimo Fluo Heishi,1,PIECE
3667193004412,BRACELET MS08 (CHAMOIS) TRESSE - 10S,1,PIECE
3667193004405,BRACELET MS07 (CHAMOIS) SIMPLE - 09S,1,PIECE
3667193004399,BRACELET FSI60 S FIMO FLUO-02 - Bracelet Fimo Fluo Heishi,1,PIECE
3667193004382,BRACELET MS08 (CHAMOIS) TRESSE - 10G,1,PIECE
3667193004375,BRACELET MS08 (CHAMOIS) TRESSE - 09S,1,PIECE
3667193004368,BRACELET FSI60 S FIMO FLUO-01 - Bracelet Fimo Fluo Heishi,1,PIECE
3667193004351,BRACELET MS07 (CHAMOIS) SIMPLE - 09G,1,PIECE
3667193004344,BRACELET MS08 (CHAMOIS) TRESSE - 09G,1,PIECE
3667193004337,BRACELET MS08 (CHAMOIS) TRESSE - 08S,1,PIECE
3667193004320,BRACELET MS07 (CHAMOIS) SIMPLE - 08S,1,PIECE
3667193004313,BRACELET MS08 (CHAMOIS) TRESSE - 08G,1,PIECE
3667193004306,BRACELET MS08 (CHAMOIS) TRESSE - 07S,1,PIECE
3667193004290,BRACELET MS07 (CHAMOIS) SIMPLE - 08G,1,PIECE
3667193004283,BRACELET MS08 (CHAMOIS) TRESSE - 07G,1,PIECE
3667193004276,BRACELET MS07 (CHAMOIS) SIMPLE - 07S,1,PIECE
3667193004269,BRACELET MS08 (CHAMOIS) TRESSE - 06S,1,PIECE
3667193004252,BRACELET FSI27 S JAP PEARL - 16,1,PIECE
3667193004245,BRACELET MS07 (CHAMOIS) SIMPLE - 07G,1,PIECE
3667193004238,BRACELET MS08 (CHAMOIS) TRESSE - 06G,1,PIECE
3667193004221,BRACELET FSI27 S JAP PEARL - 15,1,PIECE
3667193004214,BRACELET MS07 (CHAMOIS) SIMPLE - 06S,1,PIECE
3667193004207,BRACELET MS08 (CHAMOIS) TRESSE - 05S,1,PIECE
3667193004191,BRACELET FSI27 S JAP PEARL - 14,1,PIECE
3667193004184,BRACELET FSI27 S JAP PEARL - 13,1,PIECE
3667193004177,BRACELET FSI27 S JAP PEARL - 12,1,PIECE
3667193004153,BRACELET MS07 (CHAMOIS) SIMPLE - 06G,1,PIECE
3667193004160,BRACELET MS08 (CHAMOIS) TRESSE - 05G,1,PIECE
3667193004146,BRACELET MS08 (CHAMOIS) TRESSE - 04S,1,PIECE
3667193004139,BRACELET MS07 (CHAMOIS) SIMPLE - 05S,1,PIECE
3667193004122,BRACELET FSI27 S JAP PEARL - 11,1,PIECE
3667193004115,BRACELET MS08 (CHAMOIS) TRESSE - 04G,1,PIECE
3667193004108,BRACELET MS07 (CHAMOIS) SIMPLE - 05G,1,PIECE
3667193004092,BRACELET FSI27 S JAP PEARL - 10,1,PIECE
3667193004085,BRACELET MS08 (CHAMOIS) TRESSE - 03S,1,PIECE
3667193004078,BRACELET MS07 (CHAMOIS) SIMPLE - 04S,1,PIECE
3667193004061,BRACELET FSI27 S JAP PEARL - 09,1,PIECE
3667193004054,BRACELET MS08 (CHAMOIS) TRESSE - 03G,1,PIECE
3667193004047,BRACELET MS07 (CHAMOIS) SIMPLE - 04G,1,PIECE
3667193004030,BRACELET FSI27 S JAP PEARL - 08,1,PIECE
3667193004023,BRACELET MS08 (CHAMOIS) TRESSE - 02S,1,PIECE
3667193004016,BRACELET MS08 (CHAMOIS) TRESSE - 02G,1,PIECE
3667193004009,BRACELET FSI27 S JAP PEARL - 07,1,PIECE
3667193003996,BRACELET MS08 (CHAMOIS) TRESSE - 01S,1,PIECE
3667193003989,BRACELET MS07 (CHAMOIS) SIMPLE - 03S,1,PIECE
3667193003972,BRACELET FSI27 S JAP PEARL - 06,1,PIECE
3667193003965,BRACELET MS08 (CHAMOIS) TRESSE - 01G,1,PIECE
3667193003958,BRACELET FSI27 S JAP PEARL - 05,1,PIECE
3667193003941,BRACELET FSI27 S JAP PEARL - 04,1,PIECE
3667193003934,BRACELET MS07 (CHAMOIS) SIMPLE - 03G,1,PIECE
3667193003927,BRACELET MS07 (CHAMOIS) SIMPLE - 02S,1,PIECE
3667193003910,BRACELET FSI27 S JAP PEARL - 03,1,PIECE
3667193003903,BRACELET MS07 (CHAMOIS) SIMPLE - 02G,1,PIECE
3667193003897,BRACELET FSI27 S JAP PEARL - 02,1,PIECE
3667193003880,BRACELET MS07 (CHAMOIS) SIMPLE - 01S,1,PIECE
3667193003873,BRACELET MS07 (CHAMOIS) SIMPLE - 01G,1,PIECE
3667193003866,BRACELET FSI27 S JAP PEARL - 01,1,PIECE
3667193003712,BRACELET FSI70 S ANCRES AN - 	10B,1,PIECE
3667193003705,BRACELET FSI70 S ANCRES AN - 	10A,1,PIECE
3667193003699,BRACELET FSI70 S ANCRES AN - 	9B,1,PIECE
3667193003682,BRACELET FSI70 S ANCRES AN - 	9A,1,PIECE
3667193003675,BRACELET FSI70 S ANCRES AN - 	8B,1,PIECE
3667193003668,BRACELET FSI70 S ANCRES AN - 	8A,1,PIECE
3667193003651,BRACELET FSI70 S ANCRES AN - 	7B,1,PIECE
3667193003637,BRACELET FSI70 S ANCRES AN - 	7A,1,PIECE
3667193003613,BRACELET FSI70 S ANCRES AN - 	6B,1,PIECE
3667193003606,BRACELET FSI70 S ANCRES AN - 	6A,1,PIECE
3667193003583,BRACELET FSI70 S ANCRES AN - 	5B,1,PIECE
3667193003569,BRACELET FSI70 S ANCRES AN - 	5A,1,PIECE
3667193003545,BRACELET FSI70 S ANCRES AN - 	4B,1,PIECE
3667193003538,BRACELET FSI70 S ANCRES AN - 	4A,1,PIECE
3667193003514,BRACELET FSI70 S ANCRES AN - 	3B,1,PIECE
3667193003491,BRACELET FSI70 S ANCRES AN - 	3A,1,PIECE
3667193003484,BRACELET FSI70 S ANCRES AN - 	2B,1,PIECE
3667193003460,BRACELET FSI70 S ANCRES AN - 	2A,1,PIECE
3667193003446,BRACELET FSI70 S ANCRES AN - 	1B,1,PIECE
3667193003422,BRACELET FSI70 S ANCRES AN - 	1A,1,PIECE
3667193003392,BRACELET MS05 (MOUTON) SIMPLE - 13G,1,PIECE
3667193003385,BRACELET MS05 (MOUTON) SIMPLE - 12S,1,PIECE
3667193003354,COLLIER LC02 (4 modeles) - 3,1,PIECE
3667193003378,COLLIER LC02 (4 modeles) - 4,1,PIECE
3667193003361,BRACELET MS05 (MOUTON) SIMPLE - 11G,1,PIECE
3667193003347,BRACELET MS05 (MOUTON) SIMPLE - 10S,1,PIECE
3667193003330,COLLIER LC02 (4 modeles) - 2,1,PIECE
3667193003323,BRACELET MS05 (MOUTON) SIMPLE - 09G,1,PIECE
3667193003316,COLLIER LC02 (4 modeles) - 1,1,PIECE
3667193003309,BRACELET MS05 (MOUTON) SIMPLE - 08S,1,PIECE
3667193003293,BRACELET MS05 (MOUTON) SIMPLE - 07G,1,PIECE
3667193003286,BRACELET MS05 (MOUTON) SIMPLE - 06S,1,PIECE
3667193003279,BRACELET MS05 (MOUTON) SIMPLE - 05G,1,PIECE
3667193003262,BRACELET MS05 (MOUTON) SIMPLE - 04S,1,PIECE
3667193003255,BRACELET FSI42 - 10,1,PIECE
3667193003248,BRACELET FSI42 - 09,1,PIECE
3667193003231,BRACELET MS05 (MOUTON) SIMPLE - 03G,1,PIECE
3667193003224,BRACELET FSI42 - 08,1,PIECE
3667193003217,BRACELET FSI42 - 07,1,PIECE
3667193003200,BRACELET FSI42 - 06,1,PIECE
3667193003194,BRACELET FSI42 - 05,1,PIECE
3667193003187,BRACELET MS05 (MOUTON) SIMPLE - 02S,1,PIECE
3667193003170,BRACELET FSI42 - 04,1,PIECE
3667193003163,BRACELET FSI42 - 03,1,PIECE
3667193003156,BRACELET MS05 (MOUTON) SIMPLE - 01G,1,PIECE
3667193003149,BRACELET FSI42 - 02,1,PIECE
3667193003132,BRACELET FSI42 - 01,1,PIECE
3667193003125,COLLIER CN01 (6 modeles) - 06,1,PIECE
3667193003118,COLLIER CN01 (6 modeles) - 05,1,PIECE
3667193003101,COLLIER CN01 (6 modeles) - 04,1,PIECE
3667193003095,COLLIER CN01 (6 modeles) - 03,1,PIECE
3667193003088,COLLIER CN01 (6 modeles) - 02,1,PIECE
3667193003071,COLLIER CN01 (6 modeles) - 01,1,PIECE
3667193003064,COLLIER CN05 (8modeles) - 08,1,PIECE
3667193003057,COLLIER CN05 (8modeles) - 07,1,PIECE
3667193003040,COLLIER CN05 (8modeles) - 06,1,PIECE
3667193003033,COLLIER CN05 (8modeles) - 05,1,PIECE
3667193003026,COLLIER CN05 (8modeles) - 04,1,PIECE
3667193003019,COLLIER CN05 (8modeles) - 03,1,PIECE
3667193003002,COLLIER CN05 (8modeles) - 02,1,PIECE
3667193002999,COLLIER CN05 (8modeles) - 01,1,PIECE
3667193002982,COLLIER CN07 (8 MODELES) - 08,1,PIECE
3667193002975,COLLIER CN07 (8 MODELES) - 07,1,PIECE
3667193002968,COLLIER CN07 (8 MODELES) - 06,1,PIECE
3667193002951,COLLIER CN07 (8 MODELES) - 05,1,PIECE
3667193002944,COLLIER CN07 (8 MODELES) - 04,1,PIECE
3667193002937,COLLIER CN07 (8 MODELES) - 03,1,PIECE
3667193002920,COLLIER CN07 (8 MODELES) - 02,1,PIECE
3667193002913,COLLIER CN07 (8 MODELES) - 01,1,PIECE
3667193002906,BRACELET MS04 (TRAIN) SIMPLE - 13S,1,PIECE
3667193002890,BRACELET MS04 (TRAIN) SIMPLE - 13G,1,PIECE
3667193002883,BRACELET JB01 - 16,1,PIECE
3667193002876,BRACELET JB01 - 15,1,PIECE
3667193002869,BRACELET JB01 - 14,1,PIECE
3667193002852,BRACELET JB01 - 13,1,PIECE
3667193002845,BRACELET JB01 - 12,1,PIECE
3667193002838,BRACELET JB01 - 11,1,PIECE
3667193002821,BRACELET JB01 - 10,1,PIECE
3667193002814,BRACELET JB01 - 09,1,PIECE
3667193002807,BRACELET JB01 - 08,1,PIECE
3667193002791,BRACELET JB01 - 07,1,PIECE
3667193002784,BRACELET JB01 - 06,1,PIECE
3667193002777,BRACELET JB01 - 05,1,PIECE
3667193002760,BRACELET JB01 - 04,1,PIECE
3667193002753,BRACELET JB01 - 03,1,PIECE
3667193002746,BRACELET JB01 - 02,1,PIECE
3667193002739,BRACELET JB01 - 01,1,PIECE
3667193002722,BRACELET JB11 - 16,1,PIECE
3667193002715,BRACELET JB11 - 15,1,PIECE
3667193002708,BRACELET JB11 - 14,1,PIECE
3667193002692,BRACELET JB11 - 13,1,PIECE
3667193002685,BRACELET JB11 - 12,1,PIECE
3667193002678,BRACELET JB11 - 11,1,PIECE
3667193002296,BRACELET MS04 (TRAIN) SIMPLE - 06S,1,PIECE
3667193002661,BRACELET JB11 - 10,1,PIECE
3667193002654,BRACELET JB11 - 09,1,PIECE
3667193002647,BRACELET MS04 (TRAIN) SIMPLE - 08G,1,PIECE
3667193002630,BRACELET JB11 - 08,1,PIECE
3667193002623,BRACELET JB11 - 07,1,PIECE
3667193002616,BRACELET MS04 (TRAIN) SIMPLE - 10S,1,PIECE
3667193002609,BRACELET JB11 - 06,1,PIECE
3667193002593,BRACELET JB11 - 05,1,PIECE
3667193002586,BRACELET MS04 (TRAIN) SIMPLE - 12S,1,PIECE
3667193002579,BRACELET JB11 - 04,1,PIECE
3667193002548,BRACELET MS04 (TRAIN) SIMPLE - 11S,1,PIECE
3667193002562,BRACELET JB11 - 03,1,PIECE
3667193002555,BRACELET JB11 - 02,1,PIECE
3667193002531,BRACELET MS04 (TRAIN) SIMPLE - 10G,1,PIECE
3667193002524,BRACELET MS04 (TRAIN) SIMPLE - 08S,1,PIECE
3667193002517,BRACELET JB11 - 01,1,PIECE
3667193002500,BRACELET S CRISTAL BOIS - 12C,1,PIECE
3667193002494,BRACELET S CRISTAL BOIS - 12B,1,PIECE
3667193002487,BRACELET S CRISTAL BOIS - 12A,1,PIECE
3667193002470,BRACELET S CRISTAL BOIS - 11C,1,PIECE
3667193002463,BRACELET S CRISTAL BOIS - 11B,1,PIECE
3667193002456,BRACELET S CRISTAL BOIS - 11A,1,PIECE
3667193002449,BRACELET S CRISTAL BOIS - 10C,1,PIECE
3667193002425,BRACELET S CRISTAL BOIS - 10B,1,PIECE
3667193002418,BRACELET S CRISTAL BOIS - 10A,1,PIECE
3667193002401,BRACELET S CRISTAL BOIS - 09C,1,PIECE
3667193002395,BRACELET S CRISTAL BOIS - 09B,1,PIECE
3667193002388,BRACELET S CRISTAL BOIS - 09A,1,PIECE
3667193002371,BRACELET S CRISTAL BOIS - 08C,1,PIECE
3667193002364,BRACELET S CRISTAL BOIS - 08B,1,PIECE
3667193002357,BRACELET S CRISTAL BOIS - 08A,1,PIECE
3667193002340,BRACELET S CRISTAL BOIS - 07C,1,PIECE
3667193002333,BRACELET S CRISTAL BOIS - 07B,1,PIECE
3667193002326,BRACELET S CRISTAL BOIS - 07A,1,PIECE
3667193002319,BRACELET S CRISTAL BOIS - 06C,1,PIECE
3667193002302,BRACELET MS04 (TRAIN) SIMPLE - 07S,1,PIECE
3667193002289,BRACELET MS04 (TRAIN) SIMPLE - 06S,1,PIECE
3667193002272,BRACELET MS04 (TRAIN) SIMPLE - 05S,1,PIECE
3667193002265,BRACELET MS04 (TRAIN) SIMPLE - 04S,1,PIECE
3667193002258,BRACELET MS04 (TRAIN) SIMPLE - 03S,1,PIECE
3667193002241,BRACELET MS04 (TRAIN) SIMPLE - 03G,1,PIECE
3667193002234,BRACELET MS04 (TRAIN) SIMPLE - 02G,1,PIECE
3667193002227,BRACELET MS04 (TRAIN) SIMPLE - 01S,1,PIECE
3667193002210,BRACELET MS04 (TRAIN) SIMPLE - 01G,1,PIECE
3667193002203,BRACELET MS04 (TRAIN) SIMPLE - 05G,1,PIECE
3667193002197,BRACELET MS04 (TRAIN) SIMPLE - 06G,1,PIECE
3667193002180,BRACELET MS04 (TRAIN) SIMPLE - 09G,1,PIECE
3667193002173,BRACELET MS04 (TRAIN) SIMPLE - 07G,1,PIECE
3667193002166,BRACELET MS04 (TRAIN) SIMPLE - 09S,1,PIECE
3667193002159,BRACELET MS04 (TRAIN) SIMPLE - 04G,1,PIECE
3667193002142,BRACELET MS04 (TRAIN) SIMPLE - 12G,1,PIECE
3667193002135,BRACELET MS04 (TRAIN) SIMPLE - 11G,1,PIECE
3667193002128,BRACELET MS04 (TRAIN) SIMPLE - 03S,1,PIECE
3667193002111,BRACELET MS04 (TRAIN) SIMPLE - 02S,1,PIECE
3667193002067,BRACELET MS02 (LOUP) SIMPLE - 22S,1,PIECE
3667193002050,BRACELET MC02 - 21G,1,PIECE
3667193001985,BRACELET MS02 (LOUP) SIMPLE - 13G,1,PIECE
3667193001978,BRACELET MS02 (LOUP) SIMPLE - 12S,1,PIECE
3667193001961,BRACELET MS02 (LOUP) SIMPLE - 11G,1,PIECE
3667193001954,BRACELET MS02 (LOUP) SIMPLE - 10S,1,PIECE
3667193001947,BRACELET MS02 (LOUP) SIMPLE - 09G,1,PIECE
3667193001930,BRACELET MS02 (LOUP) SIMPLE - 08S,1,PIECE
3667193001923,BRACELET MS02 (LOUP) SIMPLE - 07G,1,PIECE
3667193001916,BRACELET MS02 (LOUP) SIMPLE - 06S,1,PIECE
3667193001909,BRACELET MS02 (LOUP) SIMPLE - 05G,1,PIECE
3667193001893,BRACELET MS02 (LOUP) SIMPLE - 04S,1,PIECE
3667193001886,BRACELET MS02 (LOUP) SIMPLE - 03G,1,PIECE
3667193001879,BRACELET S CRISTAL BOIS - 06B,1,PIECE
3667193001862,BRACELET S CRISTAL BOIS - 06A,1,PIECE
3667193001855,BRACELET MS02 (LOUP) SIMPLE - 02S,1,PIECE
3667193001848,BRACELET S CRISTAL BOIS - 05C,1,PIECE
3667193001831,BRACELET S CRISTAL BOIS - 05B,1,PIECE
3667193001824,BRACELET S CRISTAL BOIS - 05A,1,PIECE
3667193001817,BRACELET S CRISTAL BOIS - 04C,1,PIECE
3667193001800,BRACELET MS02 (LOUP) SIMPLE - 01G,1,PIECE
3667193001794,BRACELET S CRISTAL BOIS - 04B,1,PIECE
3667193001787,BRACELET MS04 (TRAIN) SIMPLE - 01G,1,PIECE
3667193001770,BRACELET S CRISTAL BOIS - 04A,1,PIECE
3667193001763,BRACELET S CRISTAL BOIS - 03C,1,PIECE
3667193001756,BRACELET S CRISTAL BOIS - 03B,1,PIECE
3667193001749,BRACELET S CRISTAL BOIS - 03A,1,PIECE
3667193001732,BRACELET S CRISTAL BOIS - 02C,1,PIECE
3667193001725,BRACELET S CRISTAL BOIS - 02B,1,PIECE
3667193001718,BRACELET S CRISTAL BOIS - 02A,1,PIECE
3667193001701,BRACELET S CRISTAL BOIS - 01C,1,PIECE
3667193001695,BRACELET S CRISTAL BOIS - 01B,1,PIECE
3667193001688,BRACELET S CRISTAL BOIS - 01A,1,PIECE
3667193001671,BRACELET FIONA - 2D,1,PIECE
3667193001664,BRACELET FIONA - 6E,1,PIECE
3667193001657,BRACELET FIONA - 6D,1,PIECE
3667193001640,BRACELET FIONA - 6C,1,PIECE
3667193001633,BRACELET FIONA - 6B,1,PIECE
3667193001626,BRACELET FIONA - 6A,1,PIECE
3667193001619,BRACELET FIONA - 5E,1,PIECE
3667193001602,BRACELET FIONA - 5D,1,PIECE
3667193001596,BRACELET FIONA - 5C,1,PIECE
3667193001589,BRACELET FIONA - 5B,1,PIECE
3667193001572,BRACELET FIONA - 5A,1,PIECE
3667193001565,BRACELET FIONA - 4E,1,PIECE
3667193001558,BRACELET FIONA - 4D,1,PIECE
3667193001541,BRACELET FIONA - 4C,1,PIECE
3667193001534,BRACELET FIONA - 4B,1,PIECE
3667193001527,BRACELET FIONA - 4A,1,PIECE
3667193001510,BRACELET FIONA - 3E,1,PIECE
3667193001503,BRACELET FIONA - 3D,1,PIECE
3667193001497,BRACELET FIONA - 3C,1,PIECE
3667193001480,BRACELET FIONA - 3B,1,PIECE
3667193001473,BRACELET FIONA - 3A,1,PIECE
3667193001466,BRACELET FIONA - 2E,1,PIECE
3667193001459,BRACELET FIONA - 2C,1,PIECE
3667193001442,BRACELET FIONA - 2B,1,PIECE
3667193001435,BRACELET FIONA - 2A,1,PIECE
3667193001428,BRACELET FIONA - 1E,1,PIECE
3667193001411,BRACELET FIONA - 1D,1,PIECE
3667193001404,BRACELET FIONA - 1C,1,PIECE
3667193001398,BRACELET FIONA - 1B,1,PIECE
3667193001381,BRACELET FIONA - 1A,1,PIECE
3667193001145,BRACELET MS01 (CHIEN) SIMPLE - 12S,1,PIECE
3667193001374,BRACELET MS01 (CHIEN) SIMPLE - 01G,1,PIECE
3667193001367,BRACELET MS01 (CHIEN) SIMPLE - 01S,1,PIECE
3667193001350,BRACELET MS01 (CHIEN) SIMPLE - 02G,1,PIECE
3667193001343,BRACELET MS01 (CHIEN) SIMPLE - 02S,1,PIECE
3667193001336,BRACELET MS01 (CHIEN) SIMPLE - 03G,1,PIECE
3667193001329,BRACELET MS01 (CHIEN) SIMPLE - 03S,1,PIECE
3667193001312,BRACELET MS01 (CHIEN) SIMPLE - 04G,1,PIECE
3667193001305,BRACELET MS01 (CHIEN) SIMPLE - 04S,1,PIECE
3667193001299,BRACELET MS01 (CHIEN) SIMPLE - 05G,1,PIECE
3667193001282,BRACELET MS01 (CHIEN) SIMPLE - 05S,1,PIECE
3667193001275,BRACELET MS01 (CHIEN) SIMPLE - 06G,1,PIECE
3667193001268,BRACELET MS01 (CHIEN) SIMPLE - 06S,1,PIECE
3667193001251,BRACELET MS01 (CHIEN) SIMPLE - 07G,1,PIECE
3667193001244,BRACELET MS01 (CHIEN) SIMPLE - 07S,1,PIECE
3667193001237,BRACELET MS01 (CHIEN) SIMPLE - 08G,1,PIECE
3667193001220,BRACELET MS01 (CHIEN) SIMPLE - 08S,1,PIECE
3667193001213,BRACELET MS01 (CHIEN) SIMPLE - 09G,1,PIECE
3667193001206,BRACELET MS01 (CHIEN) SIMPLE - 09S,1,PIECE
3667193001190,BRACELET MS01 (CHIEN) SIMPLE - 10G,1,PIECE
3667193001183,BRACELET MS01 (CHIEN) SIMPLE - 10S,1,PIECE
3667193001176,BRACELET MS01 (CHIEN) SIMPLE - 11G,1,PIECE
3667193001169,BRACELET MS01 (CHIEN) SIMPLE - 11S,1,PIECE
3667193001152,BRACELET MS01 (CHIEN) SIMPLE - 12G,1,PIECE
3667193001138,BRACELET MS01 (CHIEN) SIMPLE - 13G,1,PIECE
3667193001121,BRACELET MS01 (CHIEN) SIMPLE - 13S,1,PIECE
3667193001114,COLLIER CN08 (8 MODELES) - 08,1,PIECE
3667193001107,COLLIER CN08 (8 MODELES) - 07,1,PIECE
3667193001091,COLLIER CN08 (8 MODELES) - 06,1,PIECE
3667193001084,COLLIER CN08 (8 MODELES) - 05,1,PIECE
3667193001077,COLLIER CN08 (8 MODELES) - 04,1,PIECE
3667193001060,COLLIER CN08 (8 MODELES) - 03,1,PIECE
3667193001053,COLLIER CN08 (8 MODELES) - 02,1,PIECE
3667193001046,COLLIER CN08 (8 MODELES) - 01,1,PIECE
3667193000872,BRACELET CB10 - 08,1,PIECE
3667193000865,BRACELET CB10 - 07,1,PIECE
3667193000858,BRACELET CB10 - 06,1,PIECE
3667193000841,BRACELET CB10 - 05,1,PIECE
3667193000834,BRACELET CB10 - 04,1,PIECE
3667193000827,BRACELET CB10 - 03,1,PIECE
3667193000810,BRACELET CB10 - 02,1,PIECE
3667193000803,BRACELET CB10 - 01,1,PIECE
3667193000797,DOG,1,PIECE
3667193000780,COLLIER LC12 - 12,1,PIECE
3667193000773,COLLIER LC12 - 11,1,PIECE
3667193000766,COLLIER LC12 - 10,1,PIECE
3667193000759,COLLIER LC12 - 09,1,PIECE
3667193000742,COLLIER LC12 - 08,1,PIECE
3667193000735,COLLIER LC12 - 07,1,PIECE
3667193000728,COLLIER LC12 - 06,1,PIECE
3667193000711,COLLIER LC12 - 05,1,PIECE
3667193000704,COLLIER LC12 - 04,1,PIECE
3667193000698,COLLIER LC12 - 03,1,PIECE
3667193000681,COLLIER LC12 - 02,1,PIECE
3667193000674,COLLIER LC12 - 01,1,PIECE
3667193000667,COLLIER LC11 - 3,1,PIECE
3667193000612,COLLIER LC11 - 1,1,PIECE
3667193000384,BRACELET FSI37 - 5,1,PIECE
3667193000377,BRACELET FSI37 - 4,1,PIECE
3667193000360,BRACELET FSI37 - 3,1,PIECE
3667193000353,BRACELET FSI37 - 2,1,PIECE
3667193000346,BRACELET FSI37 - 1,1,PIECE
3667193000650,COLLIER LC11 - 6,1,PIECE
3667193000643,COLLIER LC11 - 5,1,PIECE
3667193000636,COLLIER LC11 - 4,1,PIECE
3667193000629,COLLIER LC11 - 2,1,PIECE
3667193000445,BRACELET FSI69 S JAP JACK (JAPJ) - 16,1,PIECE
3667193000438,BRACELET FSI69 S JAP JACK (JAPJ) - 15,1,PIECE
3667193000421,BRACELET FSI69 S JAP JACK (JAPJ) - 14,1,PIECE
3667193000414,BRACELET FSI69 S JAP JACK (JAPJ) - 13,1,PIECE
3667193000407,BRACELET FSI69 S JAP JACK (JAPJ) - 12,1,PIECE
3667193000391,BRACELET FSI69 S JAP JACK (JAPJ) - 11,1,PIECE
3667193000339,BRACELET FSI69 S JAP JACK (JAPJ) - 10,1,PIECE
3667193000322,BRACELET FSI69 S JAP JACK (JAPJ) - 09,1,PIECE
3667193000315,BRACELET FSI69 S JAP JACK (JAPJ) - 08,1,PIECE
3667193000308,BRACELET FSI69 S JAP JACK (JAPJ) - 07,1,PIECE
3667193000292,BRACELET FSI69 S JAP JACK (JAPJ) - 06,1,PIECE
3667193000285,BRACELET FSI69 S JAP JACK (JAPJ) - 05,1,PIECE
3667193000278,BRACELET FSI69 S JAP JACK (JAPJ) - 04,1,PIECE
3667193000261,BRACELET FSI69 S JAP JACK (JAPJ) - 03,1,PIECE
3667193000254,BRACELET FSI69 S JAP JACK (JAPJ) - 02,1,PIECE
3667193000247,BRACELET FSI69 S JAP JACK (JAPJ) - 01,1,PIECE
3667193000230,BRACELET S ASTRO (AS) - 12B,1,PIECE
3667193000223,BRACELET S ASTRO (AS) - 12A,1,PIECE
3667193000216,BRACELET S ASTRO (AS) - 11B,1,PIECE
3667193000209,BRACELET S ASTRO (AS) - 11A,1,PIECE
3667193000193,BRACELET S ASTRO (AS) - 10B,1,PIECE
3667193000186,BRACELET S ASTRO (AS) - 10A,1,PIECE
3667193000179,BRACELET S ASTRO (AS) - 9B,1,PIECE
3667193000162,BRACELET S ASTRO (AS) - 9A,1,PIECE
3667193000155,BRACELET S ASTRO (AS) - 8A,1,PIECE
3667193000148,BRACELET S ASTRO (AS) - 7B,1,PIECE
3667193000131,BRACELET S ASTRO (AS) - 7A,1,PIECE
3667193000124,BRACELET S ASTRO (AS) - 6B,1,PIECE
3667193000117,BRACELET S ASTRO (AS) - 6A,1,PIECE
3667193000100,BRACELET S ASTRO (AS) - 5B,1,PIECE
3667193000094,BRACELET S ASTRO (AS) - 5A,1,PIECE
3667193000087,BRACELET S ASTRO (AS) - 4B,1,PIECE
3667193000070,BRACELET S ASTRO (AS) - 4A,1,PIECE
3667193000063,BRACELET S ASTRO (AS) - 3B,1,PIECE
3667193000056,BRACELET S ASTRO (AS) - 3A,1,PIECE
3667193000049,BRACELET S ASTRO (AS) - 2B,1,PIECE
3667193000032,BRACELET S ASTRO (AS) - 2A,1,PIECE
3667193000018,BRACELET S ASTRO (AS) - 1A,1,PIECE
3667193000025,BRACELET S ASTRO (AS) - 1B,1,PIECE
3667193000001,BRACELET A VOEUX L'ORIGINAL,1,PIECE
